Data Source;World Development Indicators;;;;;;;;;;;;;;;;;;;;;;;;;;;;;;;;;;;;;;;;;;;;;;;;;;;;;;;;;;;;;;;;;;;;;;
;;;;;;;;;;;;;;;;;;;;;;;;;;;;;;;;;;;;;;;;;;;;;;;;;;;;;;;;;;;;;;;;;;;;;;;
Last Updated Date;24/2/2026;;;;;;;;;;;;;;;;;;;;;;;;;;;;;;;;;;;;;;;;;;;;;;;;;;;;;;;;;;;;;;;;;;;;;;
;;;;;;;;;;;;;;;;;;;;;;;;;;;;;;;;;;;;;;;;;;;;;;;;;;;;;;;;;;;;;;;;;;;;;;;
Country Name;Country Code;Indicator Name;Indicator Code;1960;1961;1962;1963;1964;1965;1966;1967;1968;1969;1970;1971;1972;1973;1974;1975;1976;1977;1978;1979;1980;1981;1982;1983;1984;1985;1986;1987;1988;1989;1990;1991;1992;1993;1994;1995;1996;1997;1998;1999;2000;2001;2002;2003;2004;2005;2006;2007;2008;2009;2010;2011;2012;2013;2014;2015;2016;2017;2018;2019;2020;2021;2022;2023;2024;2025;;
Aruba;ABW;Individuals using the Internet (% of population);IT.NET.USER.ZS;;;;;;;;;;;;;;;;;;;;;;;;;;;;;;;0;;;;;;2.77;;;4.51;154.428;17.1;18.8;20.8;23;25.4;28;30.9;52;58;62;69;74;78.9;83.78;886.612;935.425;97.17;;;;;;;;;;
Africa Eastern and Southern;AFE;Individuals using the Internet (% of population);IT.NET.USER.ZS;;;;;;;;;;;;;;;;;;;;;;;;;;;;;;;;;;;;;;;;;;;;;;1.8;1.9;2.7;3;3.5;5.3;6.8;8.4;10;12.1;14.3;16.3;17.3;19.6;21.6;23.5;25;26.8;27.8;28.8;30.4;;
Afghanistan;AFG;Individuals using the Internet (% of population);IT.NET.USER.ZS;;;;;;;;;;;;;;;;;;;;;;;;;;;;;;;0;;;;;;;;;;;0.00472257;0.0045614;0.0878913;0.105809;122.415;210.712;1.9;1.84;3.55;4;5;545.455;5.9;7;8.26;11;13.5;16.8;17.6;170.485;165.143;171.917;177.089;;;;
Africa Western and Central;AFW;Individuals using the Internet (% of population);IT.NET.USER.ZS;;;;;;;;;;;;;;;;;;;;;;;;;;;;;;;;;;;;;;;;;;;;;;2.3;3.4;4.3;5;5.8;7.3;8.7;10.3;12.6;15;18.6;20.9;23.8;25.7;28.5;31.5;34.7;37.5;38.5;40;42.4;;
Angola;AGO;Individuals using the Internet (% of population);IT.NET.USER.ZS;;;;;;;;;;;;;;;;;;;;;;;;;;;;;;;0;;;;;;0.000776;0.00567;0.0185;0.072;0.105046;0.136014;0.270377;0.370682;0.464815;114.337;1.5;1.7;1.9;2.3;2.8;4.7;7.7;13;213.623;22;23.2;26;29;321.294;366.347;393.876;420.719;447.581;;;;
Albania;ALB;Individuals using the Internet (% of population);IT.NET.USER.ZS;;;;;;;;;;;;;;;;;;;;;;;;;;;;;;;0;;;;;0.0112;0.0322;0.0486;0.065;0.0814;0.114097;0.325798;0.390081;0.9719;242.039;604.389;960.999;150.361;23.86;41.2;45;47;49.4;51.8;54.3;56.9;59.6;62.4;65.4;685.504;722.377;793.237;826.137;831.356;;;;
Andorra;AND;Individuals using the Internet (% of population);IT.NET.USER.ZS;;;;;;;;;;;;;;;;;;;;;;;;;;;;;;;0;;;;;;1.53;3.05;6.89;7.64;105.388;;112.605;135.464;26.838;376.058;489.368;70.87;70.04;78.53;81;81;82.7;84.4;86.1;87.9;89.7;915.675;;907.187;932.056;938.975;944.855;954.456;;;;
Arab World;ARB;Individuals using the Internet (% of population);IT.NET.USER.ZS;;;;;;;;;;;;;;;;;;;;;;;;;;;;;;;;;;;;;;;;;;;;;;;;;;;;;;;;;;;;;;;;;;;;
United Arab Emirates;ARE;Individuals using the Internet (% of population);IT.NET.USER.ZS;;;;;;;;;;;;;;;;;;;;;;;;;;;;;;;0;;;;;0.103;0.375;3.3;6.91;14.9;236.253;262.718;283.165;29.478;301.313;40;52;61;63;64;68;78;85;88;90.4;90.5;90.6;948.199;98.45;99.15;100;100;100;100;100;;;
Argentina;ARG;Individuals using the Internet (% of population);IT.NET.USER.ZS;;;;;;;;;;;;;;;;;;;;;;;;;;;;;;;0;;0.00299;0.0295;0.0437;0.0863;0.142;0.28;0.831;3.28;703.868;978.081;108.821;119.137;160.367;177.206;209.272;259.466;281.126;34;45;51;55.8;59.9;64.7;680.431;70.969;742.949;77.7;79.947;855.144;871.507;883.754;89.229;896.672;;;
Armenia;ARM;Individuals using the Internet (% of population);IT.NET.USER.ZS;;;;;;;;;;;;;;;;;;;;;;;;;;;;;;;0;;;;0.00912;0.0527;0.0946;0.112;0.129;0.971;130.047;163.109;196.041;457.522;489.901;525.298;563.179;602.125;6.21;15.3;25;32;37.5;41.9;546.228;591.008;64.346;647.449;682.451;665.439;765.077;786.123;770.277;799.966;;;;
American Samoa;ASM;Individuals using the Internet (% of population);IT.NET.USER.ZS;;;;;;;;;;;;;;;;;;;;;;;;;;;;;;;0;;;;;;;;;;;;;;;;;;;;;;;;;;;;;;;;;;;;;
Antigua and Barbuda;ATG;Individuals using the Internet (% of population);IT.NET.USER.ZS;;;;;;;;;;;;;;;;;;;;;;;;;;;;;;;0;;;;;2.2;2.86;3.48;4.07;5.3;648.223;889.929;12.5;172.286;242.665;27;30;34;38;42;47;52;58;63.4;67.78;70;709.743;719.621;729.637;739.792;750.089;760.528;771.648;775.756;;;;
Australia;AUS;Individuals using the Internet (% of population);IT.NET.USER.ZS;;;;;;;;;;;;;;;;;;;;;;;;;;;;;;;0.585;1.1;1.77;1.97;2.23;2.76;3.28;16.4;30.8;40.8;467.561;526.893;;;;63;66;69.45;71.67;74.25;76;794.877;79;834.535;84;845.605;86.54;86.545;90;936.099;946.935;969.722;970.424;970.631;;;;
Austria;AUT;Individuals using the Internet (% of population);IT.NET.USER.ZS;;;;;;;;;;;;;;;;;;;;;;;;;;;;;;;0.13;0.259;0.643;0.765;1.39;1.89;6.91;9.53;15.4;23;337.301;391.855;36.56;42.7;54.28;58;63.6;69.37;72.87;73.45;75.17;78.74;80.03;806.188;809.958;839.401;843.237;879.356;874.791;877.522;875.294;925.292;936.141;953.347;949.197;;;
Azerbaijan;AZE;Individuals using the Internet (% of population);IT.NET.USER.ZS;;;;;;;;;;;;;;;;;;;;;;;;;;;;;;;0;;;;0.00143;0.00206;0.00635;0.0252;0.0375;0.0992;0.147758;0.305565;499.971;;;803.038;119.922;14.54;17.08;27.4;46;50;54.2;73;75;77;78.2;79;79.8;81.1;84.6;86;88;89;;;;
Burundi;BDI;Individuals using the Internet (% of population);IT.NET.USER.ZS;;;;;;;;;;;;;;;;;;;;;;;;;;;;;;;0;0;0;0;0;0;0.000804;0.00798;0.0158;0.0392;0.0772484;0.106001;0.118228;0.201273;0.34906;0.542143;0.657593;0.7;0.81;0.9;1;1.11;1.22;126.422;104.239;2;2.2;266.075;4;6.1;917.302;109.847;110.009;110.784;;;;
Belgium;BEL;Individuals using the Internet (% of population);IT.NET.USER.ZS;;;;;;;;;;;;;;;;;;;;;;;;;;;;;;;0.00101;0.0201;0.1;0.199;0.696;0.992;2.97;4.94;7.89;13.8;294.317;312.884;46.33;49.97;53.86;55.82;619.819;667.604;688.573;745.441;776.398;81.61;80.72;821.702;850.012;850.529;865.165;876.797;886.473;902.754;915.264;927.887;940.078;946.263;957.758;;;
Benin;BEN;Individuals using the Internet (% of population);IT.NET.USER.ZS;;;;;;;;;;;;;;;;;;;;;;;;;;;;;;;0;;;;;;0.00169;0.0246;0.0479;0.155;0.225248;0.363418;0.702946;0.951327;118.254;127.103;153.785;1.79;1.85;2.24;3.13;414.832;4.5;4.9;6;11.255;14.5;18.7;19;20.5;221.206;282.047;300.134;322.083;;;;
Burkina Faso;BFA;Individuals using the Internet (% of population);IT.NET.USER.ZS;;;;;;;;;;;;;;;;;;;;;;;;;;;;;;;0;;;;;;0.000961;0.0187;0.0454;0.0618;0.0770802;0.157732;0.200993;0.37344;0.400295;0.469914;0.632708;0.75;0.92;1.13;2.4;3;372.503;5;6;6.55;7.14;7.79;8.5;927.181;107.927;125.631;146.238;170.226;;;;
Bangladesh;BGD;Individuals using the Internet (% of population);IT.NET.USER.ZS;;;;;;;;;;;;;;;;;;;;;;;;;;;;;;;0;;;;;;;0.000751;0.00368;0.0362;0.0710394;0.129808;0.13992;0.163878;0.199036;0.241637;1;1.8;2.5;3.1;3.7;4.5;5;6.63;11.9;12.9;18.1;21.5;25.6;30.4;361.091;389.174;416.165;445.027;;;;
Bulgaria;BGR;Individuals using the Internet (% of population);IT.NET.USER.ZS;;;;;;;;;;;;;;;;;;;;;;;;;;;;;;;0;;;0.00234;0.0195;0.12;0.725;1.22;1.84;2.91;537.092;76.123;9.08;12.04;18.13;19.97;27.09;33.64;39.67;45;46.23;47.98;51.9;530.615;554.904;566.563;598.255;634.101;64.782;67.947;701.625;752.714;791.269;803.896;82.439;;;
Bahrain;BHR;Individuals using the Internet (% of population);IT.NET.USER.ZS;;;;;;;;;;;;;;;;;;;;;;;;;;;;;;;0;;;;;0.346;0.843;1.65;3.22;4.72;615.373;150.386;180.507;215.549;214.587;213.037;28.244;32.91;51.95;53;55;77;88;90;905.031;934.783;98;958.781;986.447;997.015;99.671;100;100;100;100;;;
Bahamas; The;BHS;Individuals using the Internet (% of population);IT.NET.USER.ZS;;;;;;;;;;;;;;;;;;;;;;;;;;;;;;;0;;;;;0.96;1.75;1.36;2.34;3.76;8;11.8;18;20;22;25;26;27;31.54;33.88;43;65;717.482;72;76.92;78;80;80.6;83;906.933;924.437;943.479;947.326;948.186;;;
Bosnia and Herzegovina;BIH;Individuals using the Internet (% of population);IT.NET.USER.ZS;;;;;;;;;;;;;;;;;;;;;;;;;;;;;;;0;;;;;;0.0151;0.0594;0.144;0.194;108.296;120.053;264.827;396.504;15.469;213.267;251.224;27.92;34.66;37.74;42.75;438.877;450.645;485.213;499.177;52.6;602.565;64.892;701.201;699.463;732.118;756.762;788.455;833.772;861.009;;;
Belarus;BLR;Individuals using the Internet (% of population);IT.NET.USER.ZS;;;;;;;;;;;;;;;;;;;;;;;;;;;;;;;0;;;;0.000486;0.00292;0.0293;0.049;0.0739;0.495;18.604;430.062;895.097;;;;16.2;19.7;23;27.43;31.8;396.489;46.91;54.17;590.163;622.304;71.113;744.364;791.299;827.892;850.879;868.884;895.073;915.125;942.618;;;
Belize;BLZ;Individuals using the Internet (% of population);IT.NET.USER.ZS;;;;;;;;;;;;;;;;;;;;;;;;;;;;;;;0;;;;;0.0454;0.883;1.29;2.09;4.08;596.384;;568.425;;9.8;17;24;24.6;26.3;27.2;28.2;30.7;31;33.6;38.7;41.59;445.757;488.771;535.936;587.652;644.359;706.537;718.096;723.595;;;;
Bermuda;BMU;Individuals using the Internet (% of population);IT.NET.USER.ZS;;;;;;;;;;;;;;;;;;;;;;;;;;;;;;;0;;;;;6.84;16.2;24.2;32.1;39.9;429.499;475.097;520.316;56.522;609.909;654.471;698.997;743.506;82.3;83.25;84.21;88.336;912.993;95.3;96.8;983.236;98;98.37;;;;;;;;;;
Bolivia;BOL;Individuals using the Internet (% of population);IT.NET.USER.ZS;;;;;;;;;;;;;;;;;;;;;;;;;;;;;;;0;;;;;0.0668;0.196;0.448;0.626;0.982;144.276;212.046;311.719;35.086;443.992;522.758;620.067;104.992;12.5;16.8;22.4;30;35.34;36.99;346.016;374.868;396.975;438.323;442.861;474.748;599.401;659.774;673.612;702.368;;;;
Brazil;BRA;Individuals using the Internet (% of population);IT.NET.USER.ZS;;;;;;;;;;;;;;;;;;;;;;;;;;;;;;;0;0.00329;0.0129;0.0255;0.0377;0.105;0.451;0.786;1.48;2.04;287.069;452.849;914.943;132.076;190.737;210.227;281.784;30.88;33.83;39.22;40.65;45.69;48.56;51.04;54.551;58.328;608.725;674.713;704.343;739.124;813.427;806.899;805.278;841.506;844.635;;;
Barbados;BRB;Individuals using the Internet (% of population);IT.NET.USER.ZS;;;;;;;;;;;;;;;;;;;;;;;;;;;;;;;0;;;;;0.00775;0.389;0.783;1.97;2.38;397.368;119.365;278.363;396.896;49.8;52.5;55.3;58.2;61.4;64.7;65.1;66.5;71.2;71.8;71.9;72;72.2;72.3;72.4;741.791;76.002;778.697;794.451;799.923;;;;
Brunei Darussalam;BRN;Individuals using the Internet (% of population);IT.NET.USER.ZS;;;;;;;;;;;;;;;;;;;;;;;;;;;;;;;0;;;;;1.02;3.3;4.83;6.28;7.67;899.628;129.178;153.299;19.595;297.156;364.664;421.863;44.68;46;49;53;56;602.731;64.5;68.77;71.2;90;948.667;95;95;963.055;976.288;989.704;990.336;;;;
Bhutan;BTN;Individuals using the Internet (% of population);IT.NET.USER.ZS;;;;;;;;;;;;;;;;;;;;;;;;;;;;;;;0;;;;;;;;;0.138;0.400944;0.864629;16.758;243.691;315.698;384.711;451.832;5.92;6.55;7.17;13.6;14.4;15.6;22.4;30.3;39.8;46.5;54.3;63.5;741.794;768.508;856.369;862.903;88.426;;;;
Botswana;BWA;Individuals using the Internet (% of population);IT.NET.USER.ZS;;;;;;;;;;;;;;;;;;;;;;;;;;;;;;;0;0;;;;0.0645;0.157;0.308;0.602;1.12;290.267;343.089;338.592;334.519;330.489;326.255;428.993;5.28;6.25;6.15;6;9;16;30;367.447;373.121;422.576;478.587;542.022;613.865;69.523;78.738;803.696;81.36;;;;
Central African Republic;CAF;Individuals using the Internet (% of population);IT.NET.USER.ZS;;;;;;;;;;;;;;;;;;;;;;;;;;;;;;;0;;;;;;0.00585;0.0143;0.0279;0.0409;0.0533942;0.0785434;0.128537;0.151563;0.223401;0.268196;0.311159;0.375816;1;1.8;2;2.2;2.4;2.5;2.7;2.9;3.1;4;5.1;750.916;;;;;;;;
Canada;CAN;Individuals using the Internet (% of population);IT.NET.USER.ZS;;;;;;;;;;;;;;;;;;;;;;;;;;;;;;;0.361;0.57;0.916;1.18;2.38;4.16;6.76;15.1;24.9;36.2;51.3;60.2;615.933;64.2;65.956;71.66;72.4;73.2;76.7;80.3;80.3;83;83;85.8;87.12;90;91.16;927.014;94.64;919.129;92.3;939.371;94;939.564;;;;
Central Europe and the Baltics;CEB;Individuals using the Internet (% of population);IT.NET.USER.ZS;;;;;;;;;;;;;;;;;;;;;;;;;;;;;;;;;;;;;;;;;;;;;;;;;;;;;;;;;;;;;;;;;;;;
Switzerland;CHE;Individuals using the Internet (% of population);IT.NET.USER.ZS;;;;;;;;;;;;;;;;;;;;;;;;;;;;;;;0.596;1.18;1.75;2.17;2.72;3.55;4.55;15.1;24.8;34;47.1;55.1;61.4;65.1;67.8;70.1;75.7;77.2;79.2;81.3;83.9;85.193;85.2;86.34;836.173;874.791;891.347;896.861;91.8;931.461;943.499;955.694;964.528;973.444;;;;
Channel Islands;CHI;Individuals using the Internet (% of population);IT.NET.USER.ZS;;;;;;;;;;;;;;;;;;;;;;;;;;;;;;;;;;;;;;;;;;;;;;;;;;;;;;;;;;;;;;;;;;;;
Chile;CHL;Individuals using the Internet (% of population);IT.NET.USER.ZS;;;;;;;;;;;;;;;;;;;;;;;;;;;;;;;0;;0.0365;0.0718;0.141;0.347;0.683;1.06;1.66;4.1;16.6;19.1;22.1;254.738;281.779;311.753;344.978;35.9;37.3;41.56;45;522.496;55.05;58;61.11;766.296;835.586;823.275;84.9;850.176;874.593;902.328;935.377;944.574;;;;
China;CHN;Individuals using the Internet (% of population);IT.NET.USER.ZS;;;;;;;;;;;;;;;;;;;;;;;;;;;;;;;0;;;0.000169;0.00117;0.00495;0.0131;0.0324;0.169;0.708;177.591;263.965;45.957;6.2;7.3;852.326;105.232;16;22.6;28.9;34.3;38.3;423.001;45.8;47.9;50.3;53.2;54.3;59.2;640.809;700.528;730.532;756.113;90.6;92;;;
Cote d'Ivoire;CIV;Individuals using the Internet (% of population);IT.NET.USER.ZS;;;;;;;;;;;;;;;;;;;;;;;;;;;;;;;0;;;;;0.0002;0.00841;0.0188;0.061;0.119;0.231462;0.395748;0.497929;0.75867;0.849282;103.924;15.249;1.8;1.9;2;2.7;2.9;4.4;6.6;10;38.44;412.078;438.399;375.465;36.289;360.166;359.507;384.133;406.528;;;;
Cameroon;CMR;Individuals using the Internet (% of population);IT.NET.USER.ZS;;;;;;;;;;;;;;;;;;;;;;;;;;;;;;;0;;;;;;;0.00677;0.0132;0.129;0.25212;0.277051;0.360872;0.587623;0.976075;140.265;202.874;2.93;3.4;3.84;4.3;5;7.5;10;162.149;18.3;20.6;23.203;29.7;365.392;412.264;420.405;41.775;419.088;;;;
Congo; Dem. Rep.;COD;Individuals using the Internet (% of population);IT.NET.USER.ZS;;;;;;;;;;;;;;;;;;;;;;;;;;;;;;;0;;;;;;0.000108;0.000211;0.000413;0.00101;0.00590211;0.0114758;0.0927907;0.134915;0.196208;0.238038;0.296054;0.37;0.44;0.56;0.72;1.2;167.996;2.2;3;3.8;10.1;86.199;11.7;164.812;216.422;284.193;294.996;30.548;;;
Congo; Rep.;COG;Individuals using the Internet (% of population);IT.NET.USER.ZS;;;;;;;;;;;;;;;;;;;;;;;;;;;;;;;0;;;;;;0.00353;0.00347;0.00342;0.0168;0.0263547;0.0322236;0.15725;0.460014;10.775;146.342;200.799;27.597;428.751;4.5;5;5.6;61.067;6.6;7.11;761.597;812.195;8.65;;;248.206;333.461;374.939;383.791;;;
Colombia;COL;Individuals using the Internet (% of population);IT.NET.USER.ZS;;;;;;;;;;;;;;;;;;;;;;;;;;;;;;;0;;;;0.107;0.188;0.33;0.551;1.13;1.7;220.753;28.542;4.6;738.892;911.869;110.073;153.417;21.8;25.6;30;36.5;403.509;48.98;51.7;525.681;55.905;581.365;622.599;641.264;650.069;697.953;730.284;727.964;773.369;;;;
Comoros;COM;Individuals using the Internet (% of population);IT.NET.USER.ZS;;;;;;;;;;;;;;;;;;;;;;;;;;;;;;;0;;;;;;;0;0.0379;0.148;0.271741;0.443068;0.55487;0.848189;132.733;2;2.2;2.5;3;3.5;5.1;5.5;59.753;6.5;6.98;745.916;793.832;847.817;;163.838;224.204;306.812;327.685;356.678;;;;
Cabo Verde;CPV;Individuals using the Internet (% of population);IT.NET.USER.ZS;;;;;;;;;;;;;;;;;;;;;;;;;;;;;;;0;;;;;;;0.241;0.473;1.16;182.244;268.533;351.876;432.489;531.883;607.409;680.891;828.322;14;21;30;32;34.74;37.5;40.26;42.683;503.228;571.621;59.5;619.434;693.734;702.825;727.601;73.539;;;;
Costa Rica;CRI;Individuals using the Internet (% of population);IT.NET.USER.ZS;;;;;;;;;;;;;;;;;;;;;;;;;;;;;;;0;;0.00111;0.0815;0.28;0.417;0.841;1.64;2.67;3.9;580.025;955.948;198.949;203.336;207.923;22.07;25.1;28.4;32.29;34.33;36.5;392.122;47.5;45.96;53;59.763;658.804;715.817;734.797;812.026;805.302;82.749;82.598;853.951;;;;
Caribbean small states;CSS;Individuals using the Internet (% of population);IT.NET.USER.ZS;;;;;;;;;;;;;;;;;;;;;;;;;;;;;;;;;;;;;;;;;;;;;;;;;;;;;;;;;;;;;;;;;;;;
Cuba;CUB;Individuals using the Internet (% of population);IT.NET.USER.ZS;;;;;;;;;;;;;;;;;;;;;;;;;;;;;;;0;;;;;9.17E-05;0.0319;0.0682;0.227;0.315;0.541183;107.975;377.059;524.127;840.798;973.806;111.596;11.69;12.94;14.33;15.9;160.173;21.2;27.93;290.702;373.051;429.787;571.484;626.789;679.708;711.191;676.435;68.25;71.275;;;;
Curacao;CUW;Individuals using the Internet (% of population);IT.NET.USER.ZS;;;;;;;;;;;;;;;;;;;;;;;;;;;;;;;;;;;;;;;;;;;;;;;;;;;;;;;;;618.555;681.272;;;;;;;;;;
Cayman Islands;CYM;Individuals using the Internet (% of population);IT.NET.USER.ZS;;;;;;;;;;;;;;;;;;;;;;;;;;;;;;;0;;;0;0;3.95;;;;;;;;;;380.344;44.5;52;61;64.5;66;694.659;69.7;71.4;74.1;77;79;810.677;;;;;;;;;;
Cyprus;CYP;Individuals using the Internet (% of population);IT.NET.USER.ZS;;;;;;;;;;;;;;;;;;;;;;;;;;;;;;;0;;0.0501;0.0564;0.111;0.41;0.673;4.38;8.89;11.3;152.554;188.188;28.32;30.09;33.83;32.81;35.83;40.77;42.31;49.81;52.99;568.599;606.899;654.548;693.287;717.157;759.002;807.432;844.336;860.636;908.019;907.595;89.601;912.211;;;;
Czechia;CZE;Individuals using the Internet (% of population);IT.NET.USER.ZS;;;;;;;;;;;;;;;;;;;;;;;;;;;;;;;0;;;0.581;1.26;1.45;1.94;2.92;3.9;6.83;978.053;146.972;23.93;34.3;35.5;35.27;47.93;51.93;62.97;64.43;68.82;70.49;73.43;741.104;742.317;756.688;764.812;787.192;806.882;808.669;813.389;826.706;845.401;85.994;876.878;;;
Germany;DEU;Individuals using the Internet (% of population);IT.NET.USER.ZS;;;;;;;;;;;;;;;;;;;;;;;;;;;;;;;0.126;0.25;0.435;0.464;0.923;1.84;3.05;6.71;9.88;20.8;302.163;316.509;48.82;55.9;64.73;68.71;72.16;75.16;78;79;82;81.27;82.35;84.17;861.937;875.898;841.652;843.942;870.371;881.345;898.129;914.306;916.298;924.764;93.5;;;
Djibouti;DJI;Individuals using the Internet (% of population);IT.NET.USER.ZS;;;;;;;;;;;;;;;;;;;;;;;;;;;;;;;0;;;;;0.016;0.0312;0.0829;0.0947;0.106;0.194501;0.343526;0.486972;0.62594;0.781317;0.953611;127.004;1.62;2.26;4;6.5;7;9.4;12.7;17;22.9;30.8;556.814;570.617;584.762;599.257;614.112;632.573;650.248;;;;
Dominica;DMA;Individuals using the Internet (% of population);IT.NET.USER.ZS;;;;;;;;;;;;;;;;;;;;;;;;;;;;;;;0;;;;;0.549;1.17;;2.93;2.93;881.484;132.452;184.249;236.204;303.196;385.436;393.982;402.745;41.16;42.02;47.45;48.6;49.8;51;57.5;65;67.03;696.197;;733.819;756.567;826.979;833.101;838.255;;;;
Denmark;DNK;Individuals using the Internet (% of population);IT.NET.USER.ZS;;;;;;;;;;;;;;;;;;;;;;;;;;;;;;;0.0973;0.194;0.387;0.578;1.34;3.83;5.71;11.4;22.7;30.6;391.724;429.575;64.25;76.26;80.93;82.74;86.65;85.03;85.02;86.84;88.72;89.81;92.26;946.297;959.935;963.305;969.678;970.994;973.192;980.464;965.491;988.659;978.601;987.756;997.692;;;
Dominican Republic;DOM;Individuals using the Internet (% of population);IT.NET.USER.ZS;;;;;;;;;;;;;;;;;;;;;;;;;;;;;;;0;;;;;0.0172;0.075;0.143;0.234;1.1;370.469;442.939;682.373;789.839;886.555;114.832;148.449;17.66;20.82;27.72;31.4;38;42.32;45.9;49.58;542.158;638.709;675.712;74.822;797.155;816.173;85.243;815.127;846.161;910.022;;;
Algeria;DZA;Individuals using the Internet (% of population);IT.NET.USER.ZS;;;;;;;;;;;;;;;;;;;;;;;;;;;;;;;0;;;;0.000361;0.00177;0.00174;0.0103;0.0202;0.2;0.491706;0.646114;159.164;219.536;463.448;584.394;737.598;945.119;10.18;11.23;12.5;14.9;18.2;22.5;29.5;38.2;429.455;476.911;490.385;557.907;634.727;722.124;748.319;769.081;;;;
East Asia & Pacific (excluding high income);EAP;Individuals using the Internet (% of population);IT.NET.USER.ZS;;;;;;;;;;;;;;;;;;;;;;;;;;;;;;;;;;;;;;;;;;;;;;8.3;10.1;14.3;19.2;23.7;28.9;32.3;35.7;38.2;40.6;43.5;49.6;53.9;59.1;64;72.2;77.6;81.6;84.2;86.1;88.1;;
Early-demographic dividend;EAR;Individuals using the Internet (% of population);IT.NET.USER.ZS;;;;;;;;;;;;;;;;;;;;;;;;;;;;;;;;;;;;;;;;;;;;;;;;;;;;;;;;;;;;;;;;;;;;
East Asia & Pacific;EAS;Individuals using the Internet (% of population);IT.NET.USER.ZS;;;;;;;;;;;;;;;;;;;;;;;;;;;;;;;;;;;;;;;;;;;;;;14.7;16.6;20.8;25.2;29.5;34.2;37.3;40.4;43.2;45.5;48.3;53.9;57.8;62.5;67.1;73.9;78.8;82.4;84.9;86.6;88.4;;
Europe & Central Asia (excluding high income);ECA;Individuals using the Internet (% of population);IT.NET.USER.ZS;;;;;;;;;;;;;;;;;;;;;;;;;;;;;;;;;;;;;;;;;;;;;;8.9;11.6;16.3;20.6;25;30.1;34.9;39.4;43.2;48.6;51.9;56.2;60.6;65.8;70.3;74.5;79.1;82;84.6;85.8;87.5;;
Europe & Central Asia;ECS;Individuals using the Internet (% of population);IT.NET.USER.ZS;;;;;;;;;;;;;;;;;;;;;;;;;;;;;;;;;;;;;;;;;;;;;;34.7;38;43.6;48.1;52.7;57;60.2;63.8;66.1;68.9;69.9;72.3;74.5;78.1;80.3;83.4;86.3;87.9;89.6;90.9;92.4;;
Ecuador;ECU;Individuals using the Internet (% of population);IT.NET.USER.ZS;;;;;;;;;;;;;;;;;;;;;;;;;;;;;;;0;;0.00512;0.0164;0.0348;0.0438;0.0862;0.11;0.125;0.823;146.219;267.044;42.608;446.023;483.444;599.426;7.2;10.8;18.8;24.6;29.03;313.668;351.351;402.791;455.904;489.404;540.629;55.8;57.5;59.2;70.7;691.148;697.181;726.943;771.727;;;
Egypt; Arab Rep.;EGY;Individuals using the Internet (% of population);IT.NET.USER.ZS;;;;;;;;;;;;;;;;;;;;;;;;;;;;;;;0;;;0.000976;0.00638;0.0313;0.0615;0.0905;0.148;0.29;0.641265;0.838946;2.72;403.789;11.92;12.75;13.66;16.03;18.01;20;21.6;25.6;26.4;29.4;338.946;378.194;412.481;449.502;469.243;572.829;719.142;72.056;721.981;726.899;;;
Euro area;EMU;Individuals using the Internet (% of population);IT.NET.USER.ZS;;;;;;;;;;;;;;;;;;;;;;;;;;;;;;;;;;;;;;;;;;;;;;;;;;;;;;;;;;;;;;;;;;;;
Eritrea;ERI;Individuals using the Internet (% of population);IT.NET.USER.ZS;;;;;;;;;;;;;;;;;;;;;;;;;;;;;;;0;;;0;0;0;0;0.00902;0.00877;0.0255;0.136712;0.157815;0.22709;;;;;0.41;0.47;0.54;0.61;0.7;0.8;0.9;0.99;108.373;117.712;2.5;5.3;11.2;143.494;183.844;187.092;200.104;;;;
Spain;ESP;Individuals using the Internet (% of population);IT.NET.USER.ZS;;;;;;;;;;;;;;;;;;;;;;;;;;;;;;;0.0129;0.0257;0.0768;0.128;0.28;0.381;1.33;2.8;4.36;7.09;13.625;181.487;20.39;39.93;44.01;47.88;50.37;55.11;59.6;62.4;65.8;67.09;69.81;71.635;761.867;786.896;805.613;846.022;861.072;907.187;932.056;938.975;944.855;954.456;957.575;;;
Estonia;EST;Individuals using the Internet (% of population);IT.NET.USER.ZS;;;;;;;;;;;;;;;;;;;;;;;;;;;;;;;0;;0.0655;0.301;1.16;2.78;3.53;5.71;10.8;14.5;28.577;315.275;41.52;45.32;53.2;61.45;63.51;66.19;70.58;72.5;74.1;76.5;783.899;800.043;842.415;884.097;872.402;881.025;89.357;902.289;890.583;909.797;915.202;931.834;92.238;;;
Ethiopia;ETH;Individuals using the Internet (% of population);IT.NET.USER.ZS;;;;;;;;;;;;;;;;;;;;;;;;;;;;;;;0;;;;;1.75E-05;0.0017;0.00497;0.00966;0.0125;0.0152638;0.0371624;0.0724023;0.105812;0.155335;0.21966;0.310593;0.37;0.45;0.54;0.75;1.1;2.9;4.6;7.7;138.552;153.669;15.6;15.9;16;160.696;166.981;;;;;;
European Union;EUU;Individuals using the Internet (% of population);IT.NET.USER.ZS;;;;;;;;;;;;;;;;;;;;;;;;;;;;;;;;;;;;;;;;;;;;;;;;;;;;;;;;;;;;;;;;;;;;
Fragile and conflict affected situations;FCS;Individuals using the Internet (% of population);IT.NET.USER.ZS;;;;;;;;;;;;;;;;;;;;;;;;;;;;;;;;;;;;;;;;;;;;;;2.3;3.1;4.3;5.3;6.7;8.2;9.7;11.6;13.5;15.6;17.9;20.4;22.5;25;26.6;29.6;32.3;34.8;36.1;37;38.5;;
Finland;FIN;Individuals using the Internet (% of population);IT.NET.USER.ZS;;;;;;;;;;;;;;;;;;;;;;;;;;;;;;;0.401;1.4;1.89;2.57;4.92;13.9;16.8;19.5;25.5;32.3;372.485;431.054;62.43;69.22;72.39;74.48;79.66;80.78;83.67;82.49;86.89;88.71;89.88;915.144;865.304;864.221;877.036;874.689;88.89;896.074;921.703;928.081;929.888;935.139;;;;
Fiji;FJI;Individuals using the Internet (% of population);IT.NET.USER.ZS;;;;;;;;;;;;;;;;;;;;;;;;;;;;;;;0;;;0.00668;0.00791;0.00912;0.0644;0.223;0.633;0.942;149.685;185.798;615.265;672.543;741.294;845.364;960.004;108.978;13;17;20;28;337.424;35.2;37.4;42.5;49.42;536.474;582.364;632.179;686.256;744.958;782.433;793.485;;;;
France;FRA;Individuals using the Internet (% of population);IT.NET.USER.ZS;;;;;;;;;;;;;;;;;;;;;;;;;;;;;;;0.0528;0.14;0.279;0.591;0.9;1.64;2.58;4.26;6.32;9.13;143.079;263.259;30.18;36.14;39.15;42.87;46.87;66.09;70.68;71.58;77.28;77.82;81.44;819.198;837.511;78.006;792.698;805.025;820.432;833.397;847.064;860.955;853.333;868.364;886.538;;;
Faroe Islands;FRO;Individuals using the Internet (% of population);IT.NET.USER.ZS;;;;;;;;;;;;;;;;;;;;;;;;;;;;;;;0;;;;;0;2.32;4.6;11.3;22.3;329.164;43.247;532.992;589.126;665.336;679.026;693.594;75.98;75.57;75.18;75.2;807.322;853.352;90;93.3;94.2;951.087;97.582;;;;;;;;;;
Micronesia; Fed. Sts.;FSM;Individuals using the Internet (% of population);IT.NET.USER.ZS;;;;;;;;;;;;;;;;;;;;;;;;;;;;;;;0;;;;;;0.278;0.571;1.86;2.8;373.486;466.053;55.701;92.325;110.179;118.814;127.503;136.211;14.49;15.35;20;22.8;259.744;27.8;29.65;315.011;333.522;353.041;36.6;38;393.833;;;;;;
Gabon;GAB;Individuals using the Internet (% of population);IT.NET.USER.ZS;;;;;;;;;;;;;;;;;;;;;;;;;;;;;;;0;;;;;;0;0.048;0.17;0.249;121.614;134.762;193.953;265.959;297.907;489.326;54.892;5.767;7.5;9.5;13;18;24;30.538;380.712;457.845;480.523;516.049;554.202;595.176;639.179;686.436;707.069;719.256;;;;
United Kingdom;GBR;Individuals using the Internet (% of population);IT.NET.USER.ZS;;;;;;;;;;;;;;;;;;;;;;;;;;;;;;;0.0874;0.174;0.261;0.52;1.04;1.9;4.12;7.39;13.7;21.3;268.218;334.811;56.48;64.82;65.61;70;68.82;75.09;78.39;83.56;85;85.38;87.48;898.441;916.133;920.003;947.758;904.246;90.692;925.166;948.182;961.965;962.989;962.988;;;;
Georgia;GEO;Individuals using the Internet (% of population);IT.NET.USER.ZS;;;;;;;;;;;;;;;;;;;;;;;;;;;;;;;0;;;;;0.0118;0.0401;0.0609;0.103;0.416;0.484746;0.992344;158.788;255.882;388.622;607.946;752.688;8.26;10.01;20.07;26.9;31.52;36.94;43.3;491.025;475.698;584.593;597.055;627.179;688.467;725.316;764.427;787.113;818.843;;;;
Ghana;GHA;Individuals using the Internet (% of population);IT.NET.USER.ZS;;;;;;;;;;;;;;;;;;;;;;;;;;;;;;;0;;;;;0.000348;0.00565;0.0275;0.0322;0.105;0.153615;0.200008;0.830284;119.306;17.168;18.312;272.318;3.85;4.27;5.44;7.8;9;10.6;15;19;23;28;378.842;43;220.732;625.176;68.6;693.607;699.445;;;;
Gibraltar;GIB;Individuals using the Internet (% of population);IT.NET.USER.ZS;;;;;;;;;;;;;;;;;;;;;;;;;;;;;;;0;;;;;;;2.66;4.18;5.94;191.316;211.711;236.702;283.258;328.861;390.701;452.986;51.61;58;65.07;65;65;65.017;;;;944.445;;;;;;;;;;;
Guinea;GIN;Individuals using the Internet (% of population);IT.NET.USER.ZS;;;;;;;;;;;;;;;;;;;;;;;;;;;;;;;0;;;;0.000138;0.000669;0.00195;0.0038;0.0062;0.0608;0.0954249;0.175542;0.402023;0.45096;0.508819;0.542254;0.637492;0.780025;0.92;0.94;1;2;3.1;4.5;6.4;9.2;13.1;18.7;21.83;226.255;234.499;243.044;246.954;265.014;;;;
Gambia; The;GMB;Individuals using the Internet (% of population);IT.NET.USER.ZS;;;;;;;;;;;;;;;;;;;;;;;;;;;;;;;0;;;;;0.00922;0.0355;0.0513;0.206;0.716;0.921795;133.679;179.678;243.678;3.308;3.799;523.769;620.504;6.88;7.63;9.2;108.703;124.492;14;15.56;17.6;19.9;22.5;28.3;311.183;342.172;376.247;440.389;459.137;;;
Guinea-Bissau;GNB;Individuals using the Internet (% of population);IT.NET.USER.ZS;;;;;;;;;;;;;;;;;;;;;;;;;;;;;;;0;;;;;;;0.0164;0.0241;0.118;0.230103;0.299569;102.299;13.542;180.814;190.137;20.572;22.063;235.489;230.328;2.45;2.672;289.399;3.1;3.32;6.1;13.8;14.8;15.7;179.215;204.573;233.519;275.672;324.661;;;;
Equatorial Guinea;GNQ;Individuals using the Internet (% of population);IT.NET.USER.ZS;;;;;;;;;;;;;;;;;;;;;;;;;;;;;;;0;;;;;;;0.0415;0.0944;0.0974;0.132355;0.16526;0.321198;0.520524;0.84393;114.979;127.919;155.712;1.82;2.13;6;11.5;139.432;16.4;18.86;21.32;23.78;26.24;;491.337;550.013;587.173;593.433;603.661;;;;
Greece;GRC;Individuals using the Internet (% of population);IT.NET.USER.ZS;;;;;;;;;;;;;;;;;;;;;;;;;;;;;;;0;0.0488;0.0483;0.191;0.378;0.75;1.4;1.85;3.22;6.88;913.884;10.935;14.67;17.8;21.42;24;32.25;35.88;38.2;42.4;44.4;51.65;55.07;598.663;632.073;66.835;690.879;69.893;722.384;756.712;781.158;784.943;831.707;850.102;862.697;;;
Grenada;GRD;Individuals using the Internet (% of population);IT.NET.USER.ZS;;;;;;;;;;;;;;;;;;;;;;;;;;;;;;;0;0;0;0;0;0;0.298;0.991;1.48;2.47;406.391;51.281;147.588;186.452;195.706;204.878;21.396;22.29;23.18;24.05;27;30;32;35;51.6;52.5;53.3;54.2;61.4;643.128;673.637;705.594;742.689;741.201;;;;
Greenland;GRL;Individuals using the Internet (% of population);IT.NET.USER.ZS;;;;;;;;;;;;;;;;;;;;;;;;;;;;;;;0;;;;0.0647;0.0539;1.8;7.95;14.7;21.6;317.478;354.641;441.548;545.343;56.099;577.034;593.617;61.07;62.82;62.83;63;64;64.896;65.8;66.7;676.004;685.009;694.825;;;;;;;;;;
Guatemala;GTM;Individuals using the Internet (% of population);IT.NET.USER.ZS;;;;;;;;;;;;;;;;;;;;;;;;;;;;;;;0;;;;;0.003;0.0195;0.0955;0.467;0.593;0.712333;17.382;339.175;454.885;5.1;5.7;6.5;7.3;8.3;9.3;10.5;12.3;16;19.7;23.4;288.059;345.093;37.9;41.5;44.401;475.123;508.416;554.086;560.535;;;;
Guam;GUM;Individuals using the Internet (% of population);IT.NET.USER.ZS;;;;;;;;;;;;;;;;;;;;;;;;;;;;;;;0;;;;0.348;0.66;1.36;2.34;4.5;8.5;161.131;253.802;311.923;337.167;361.618;385.599;438.514;461.505;484.187;50.642;54.04;57.7;615.342;65.4;69.27;73.14;77.01;805.055;;;;;;;;;;
Guyana;GUY;Individuals using the Internet (% of population);IT.NET.USER.ZS;;;;;;;;;;;;;;;;;;;;;;;;;;;;;;;0;;;;;;0.0659;0.132;0.264;0.4;0.6;1;1.5;2.4;3.7;5.7;8.9;13.8;18.2;23.9;29.9;30;30.5;31;32;34;35.66;42.7;485.989;553.127;62.954;716.509;783.924;817.221;;;;
High income;HIC;Individuals using the Internet (% of population);IT.NET.USER.ZS;;;;;;;;;;;;;;;;;;;;;;;;;;;;;;;;;;;;;;;;;;;;;;52.9;55.7;61.3;64;66.4;69;70.4;73.7;75.1;77;78.3;82.5;84.2;86.3;87.5;88.4;90;91;91.9;93;94.2;;
Hong Kong SAR; China;HKG;Individuals using the Internet (% of population);IT.NET.USER.ZS;;;;;;;;;;;;;;;;;;;;;;;;;;;;;;;0;0.121;0.85;1.33;2.78;3.22;4.75;10.5;14.5;21.2;278.278;386.714;430.824;52.2;563.999;56.9;60.8;64.8;66.7;69.4;72;72.2;72.9;74.2;798.663;849.484;874.794;894.159;905.074;917.434;924.131;930.872;956.136;959.778;;;
Honduras;HND;Individuals using the Internet (% of population);IT.NET.USER.ZS;;;;;;;;;;;;;;;;;;;;;;;;;;;;;;;0;;;;;0.0368;0.0437;0.171;0.301;0.574;120.386;141.528;25.974;4.8;5.6;6.5;7.8;9.4;9.6;9.8;11.09;15.9;18.12;17.8;23;271.395;295.282;317.358;360.401;393.884;452.483;519.516;563.896;582.789;;;;
Heavily indebted poor countries (HIPC);HPC;Individuals using the Internet (% of population);IT.NET.USER.ZS;;;;;;;;;;;;;;;;;;;;;;;;;;;;;;;;;;;;;;;;;;;;;;;;;;;;;;;;;;;;;;;;;;;;
Croatia;HRV;Individuals using the Internet (% of population);IT.NET.USER.ZS;;;;;;;;;;;;;;;;;;;;;;;;;;;;;;;0;;;0.0972;0.268;0.514;0.859;1.73;3.27;4.41;664.488;115.586;17.76;22.75;30.91;33.14;37.98;41.44;44.24;50.58;56.55;57.79;61.94;667.476;685.679;69.845;726.973;670.962;752.946;790.798;783.209;81.254;820.716;832.412;836.324;;;
Haiti;HTI;Individuals using the Internet (% of population);IT.NET.USER.ZS;;;;;;;;;;;;;;;;;;;;;;;;;;;;;;;0;;;;;;0.00748;;0.024;0.0707;0.231271;0.340832;0.893433;164.736;540.126;63.762;6.796;7.2;7.6;8.1;8.37;9;9.8;10.6;11.4;14.2;22.8;27.2;324.736;39.262;;;;;;;;
Hungary;HUN;Individuals using the Internet (% of population);IT.NET.USER.ZS;;;;;;;;;;;;;;;;;;;;;;;;;;;;;;;0;0.00338;0.0484;0.193;0.484;0.677;0.969;1.94;3.89;5.86;699.968;145.286;16.67;21.63;27.74;38.97;47.06;53.3;61;62;65;68.02;70.58;726.439;756.532;728.347;792.594;767.505;760.744;803.717;847.712;886.408;891.428;914.501;93.779;;;
IBRD only;IBD;Individuals using the Internet (% of population);IT.NET.USER.ZS;;;;;;;;;;;;;;;;;;;;;;;;;;;;;;;;;;;;;;;;;;;;;;8.7;10.5;13.7;17.1;20.7;25;28.5;31.5;34;36.4;39.1;43.2;46.6;50.3;56.3;65.4;70.3;74.4;77.3;79.9;82.7;;
IDA & IBRD total;IBT;Individuals using the Internet (% of population);IT.NET.USER.ZS;;;;;;;;;;;;;;;;;;;;;;;;;;;;;;;;;;;;;;;;;;;;;;7.2;8.7;11.3;14;16.9;20.3;23.2;25.7;27.8;30.1;32.8;36.4;39.5;42.9;47.8;55.1;59.3;63;65.5;67.7;70.3;;
IDA total;IDA;Individuals using the Internet (% of population);IT.NET.USER.ZS;;;;;;;;;;;;;;;;;;;;;;;;;;;;;;;;;;;;;;;;;;;;;;2.2;2.8;3.7;4.2;4.9;5.9;6.8;7.9;9.4;11.6;14.2;16.9;19.2;22;24.2;27;29.8;32.8;34.5;36.4;38.9;;
IDA blend;IDB;Individuals using the Internet (% of population);IT.NET.USER.ZS;;;;;;;;;;;;;;;;;;;;;;;;;;;;;;;;;;;;;;;;;;;;;;4.4;5.4;6.1;6.8;7.7;9.1;10.3;11.8;13.9;16.1;19;20.6;22.3;24.1;26.9;28.7;32.4;36.5;38.3;41.2;44.2;;
Indonesia;IDN;Individuals using the Internet (% of population);IT.NET.USER.ZS;;;;;;;;;;;;;;;;;;;;;;;;;;;;;;;0;;;;0.00106;0.0261;0.0566;0.195;0.255;0.444;0.925564;201.861;213.414;238.702;260.029;360.202;476.481;578.627;791.748;6.92;10.92;12.28;14.52;14.94;171.432;220.627;254.474;323.358;399.046;476.906;537.265;621.045;664.846;692.084;727.808;;;
IDA only;IDX;Individuals using the Internet (% of population);IT.NET.USER.ZS;;;;;;;;;;;;;;;;;;;;;;;;;;;;;;;;;;;;;;;;;;;;;;1;1.5;2.3;2.8;3.4;4.2;5;5.8;6.9;9;11.6;14.9;17.5;20.9;22.8;26;28.4;30.7;32.5;33.9;36.1;;
Isle of Man;IMN;Individuals using the Internet (% of population);IT.NET.USER.ZS;;;;;;;;;;;;;;;;;;;;;;;;;;;;;;;;;;;;;;;;;;;;;;;;;;;;;;;;;;;;;;;;;;;;
India;IND;Individuals using the Internet (% of population);IT.NET.USER.ZS;;;;;;;;;;;;;;;;;;;;;;;;;;;;;;;0;;0.000111;0.000218;0.00107;0.0262;0.0463;0.0708;0.139;0.273;0.527532;0.660146;153.788;168.649;197.614;238.807;28.055;3.95;4.38;5.12;7.5;10.07;11.1;12.3;13.5;14.9;16.5;18.2;200.813;295.235;434.054;;55.9;;;70;;
Not classified;INX;Individuals using the Internet (% of population);IT.NET.USER.ZS;;;;;;;;;;;;;;;;;;;;;;;;;;;;;;;;;;;;;;;;;;;;;;;;;;;;;;;;;;;;;;;;;;;;
Ireland;IRL;Individuals using the Internet (% of population);IT.NET.USER.ZS;;;;;;;;;;;;;;;;;;;;;;;;;;;;;;;0;0.0568;0.17;0.281;0.558;1.11;2.2;4.09;8.1;10.9;178.505;231.388;25.85;34.31;36.99;41.61;54.82;611.583;65.34;67.38;69.85;74.89;76.92;782.477;834.917;834.948;83.5;84.114;870.001;870.001;919.999;964.235;966.206;964.974;;;;
Iran; Islamic Rep.;IRN;Individuals using the Internet (% of population);IT.NET.USER.ZS;;;;;;;;;;;;;;;;;;;;;;;;;;;;;;;0;;;;0.000408;0.00418;0.0158;0.0468;0.0998;0.379;0.93419;148.422;462.618;693.372;7.49;8.1;8.76;9.47;12.02;13.8;15.9;19;22.73;29.95;393.536;45.335;532.268;64.044;702.006;724.509;755.699;785.957;79.061;796.309;;;
Iraq;IRQ;Individuals using the Internet (% of population);IT.NET.USER.ZS;;;;;;;;;;;;;;;;;;;;;;;;;;;;;;;0;;;;;;;;;;;0.1;0.5;0.6;0.9;0.9;0.952344;0.93;1;1.06;2.5;5;7.1;9.2;116.453;15.2;19.9;49.36;33.9;443.263;536.778;650.022;787.156;817.291;;;;
Iceland;ISL;Individuals using the Internet (% of population);IT.NET.USER.ZS;;;;;;;;;;;;;;;;;;;;;;;;;;;;;;;0;0.505;1.54;2.67;6.79;11.2;14.8;27.5;36.3;41.3;444.705;49.393;79.12;83.14;83.88;87;89.51;90.6;91;93;93.39;948.197;962.098;965.468;98.158;98.2;98.24;982.552;99.011;995.049;995.328;99.687;998.082;998.301;;;;
Israel;ISR;Individuals using the Internet (% of population);IT.NET.USER.ZS;;;;;;;;;;;;;;;;;;;;;;;;;;;;;;;0.111;0.215;0.311;0.399;0.577;0.93;2.17;4.4;10.3;13.4;208.738;173.786;177.646;195.934;227.705;25.194;278.811;481.281;59.39;63.12;67.5;688.739;70.8;702.503;750.178;773.521;796.531;815.812;837.332;867.879;901.273;902.969;918.508;870.384;881.824;;;
Italy;ITA;Individuals using the Internet (% of population);IT.NET.USER.ZS;;;;;;;;;;;;;;;;;;;;;;;;;;;;;;;0.0175;0.0351;0.0701;0.122;0.192;0.524;1.02;2.28;4.56;14.4;231.109;272.221;28.04;29.04;33.24;35;37.99;40.79;44.53;48.83;53.68;54.39;55.83;584.593;556.385;581.417;613.243;630.773;743.872;678.507;704.834;748.623;850.607;870.278;892.207;;;
Jamaica;JAM;Individuals using the Internet (% of population);IT.NET.USER.ZS;;;;;;;;;;;;;;;;;;;;;;;;;;;;;;;0;;;;0.0368;0.109;0.591;0.798;1.98;2.36;311.578;386.302;6.1;7.8;10;12.8;16.4;21.1;23.6;24.3;27.67;374.386;33.79;37.1;404.027;422.212;443.669;550.721;682.145;70.841;76.384;823.607;824.453;89.473;;;;
Jordan;JOR;Individuals using the Internet (% of population);IT.NET.USER.ZS;;;;;;;;;;;;;;;;;;;;;;;;;;;;;;;0;;;;;0.0232;0.0449;0.599;1.31;2.53;262.328;470.572;602.553;846.601;116.587;129.329;138.671;20;23;26;27.2;34.9;37;41.4;46.2;54.22;56.15;64.5;65.2;700.847;784.178;86;90.5;925.344;;;;
Japan;JPN;Individuals using the Internet (% of population);IT.NET.USER.ZS;;;;;;;;;;;;;;;;;;;;;;;;;;;;;;;0.0203;0.0404;0.0967;0.401;0.8;1.59;4.37;9.16;13.4;21.4;299.907;385.321;465.942;484.353;623.939;669.211;686.853;74.3;75.4;78;78.21;790.541;794.964;882.194;891.068;91.058;931.827;917.265;887.464;927.304;902.195;829.141;849.234;869.815;;;;
Kazakhstan;KAZ;Individuals using the Internet (% of population);IT.NET.USER.ZS;;;;;;;;;;;;;;;;;;;;;;;;;;;;;;;0;;;;0.000521;0.0113;0.0318;0.0646;0.131;0.464;0.668594;100.612;167.477;200.041;265.039;296.171;326.837;4.02;11;18.2;31.6;50.6;619.066;633.042;66;708.299;745.877;764.267;789.039;818.776;859.426;90.924;922.969;928.785;933.917;;;
Kenya;KEN;Individuals using the Internet (% of population);IT.NET.USER.ZS;;;;;;;;;;;;;;;;;;;;;;;;;;;;;;;0;;;;;0.000727;0.00884;0.0344;0.0503;0.114;0.31806;0.619782;120.777;29.419;302.353;31.019;3.6;4.4;5.2;6.1;7.2;8.8;10.5;13;16.5;165.879;16.6;178.271;19.5;226.688;;;;35;349.762;;;
Kyrgyz Republic;KGZ;Individuals using the Internet (% of population);IT.NET.USER.ZS;;;;;;;;;;;;;;;;;;;;;;;;;;;;;;;0;;;;;;;;0.0728;0.205;10.414;300.294;299.927;390.877;509.039;105.338;123.069;14.03;15.7;16;16.3;17.5;19.8;23;28.3;30.247;40.5;50.8;62.8;64.1;72;771.177;825.991;884.701;;;;
Cambodia;KHM;Individuals using the Internet (% of population);IT.NET.USER.ZS;;;;;;;;;;;;;;;;;;;;;;;;;;;;;;;0;;;;;;;0.00584;0.0163;0.032;0.0470226;0.0769561;0.226983;0.26057;0.300437;0.317322;0.468357;0.49;0.51;0.53;1.26;3.1;4.94;6;14;643.319;323.985;329.003;;523.059;536.508;579.592;596.606;607.171;;;;
Kiribati;KIR;Individuals using the Internet (% of population);IT.NET.USER.ZS;;;;;;;;;;;;;;;;;;;;;;;;;;;;;;;0;;;;;;;;0.617;1.21;178.523;233.746;2.5;3;3.5;4;4.5;6;7;8.97;9.07;10;107.468;11.5;12.25;14.9;194.194;253.096;329.864;395.737;;;;88;;;;
St. Kitts and Nevis;KNA;Individuals using the Internet (% of population);IT.NET.USER.ZS;;;;;;;;;;;;;;;;;;;;;;;;;;;;;;;0;;;;;;1.95;2.26;3.34;4.4;586.281;771.473;211.524;229.698;247.377;34;38.5;43.5;49.2;55.7;63;63.2;64;64.6;65.4;66.2;67;67.8;68.6;69.4;702.753;743.716;755.566;764.208;;;;
Korea; Rep.;KOR;Individuals using the Internet (% of population);IT.NET.USER.ZS;;;;;;;;;;;;;;;;;;;;;;;;;;;;;;;0.0233;0.0461;0.0984;0.25;0.311;0.82;1.62;3.6;6.78;23.6;44.7;56.6;59.4;65.5;72.7;73.5;78.1;78.8;81;81.6;83.7;837.591;84.07;84.77;875.568;898.963;92.843;950.694;960.229;961.576;965.051;975.713;971.686;97.416;978.956;;
Kuwait;KWT;Individuals using the Internet (% of population);IT.NET.USER.ZS;;;;;;;;;;;;;;;;;;;;;;;;;;;;;;;0;;;0.0911;0.147;0.203;0.856;2.17;3.05;4.76;67.314;855.179;10.249;224.029;229.271;259.261;287.912;34.8;42;50.8;61.4;657.691;70.45;75.46;78.7;82;85.6;98;995.988;995.427;991.059;99.7;997.237;997.473;;;;
Latin America & Caribbean (excluding high income);LAC;Individuals using the Internet (% of population);IT.NET.USER.ZS;;;;;;;;;;;;;;;;;;;;;;;;;;;;;;;;;;;;;;;;;;;;;;16.2;20.4;23.3;25.9;30.3;34;38.7;42.1;45.1;47.7;53.3;56.4;59.2;62.6;67.9;73.3;75.3;76.6;79.7;81.4;83.6;;
Lao PDR;LAO;Individuals using the Internet (% of population);IT.NET.USER.ZS;;;;;;;;;;;;;;;;;;;;;;;;;;;;;;;0;;;;;;;;0.00966;0.0378;0.111044;0.181664;0.267899;0.333912;0.361434;0.850357;116.989;1.64;3.55;6;7;9;107.477;12.5;14.26;18.2;21.87;255.104;36.3;470.323;54;62;627.001;636.255;;;;
Lebanon;LBN;Individuals using the Internet (% of population);IT.NET.USER.ZS;;;;;;;;;;;;;;;;;;;;;;;;;;;;;;;0;;;;;0.0716;0.14;1.24;2.72;5.38;795.274;678.322;7;8;9;10.14;15;18.74;22.53;30.14;43.68;52;612.498;70.5;73;74;76.11;781.808;80.9;814.812;820.665;82.656;82.798;834.933;;;;
Liberia;LBR;Individuals using the Internet (% of population);IT.NET.USER.ZS;;;;;;;;;;;;;;;;;;;;;;;;;;;;;;;0;;;;;;;0.00449;0.0041;0.0113;0.0177027;0.0338122;0.0327133;0.0318689;0.0310112;;;0.551377;0.53;2;2.3;2.5;2.6;3.2;5.41;10;15.7;16.3;172.777;183.141;194.126;205.771;218.966;234.979;;;;
Libya;LBY;Individuals using the Internet (% of population);IT.NET.USER.ZS;;;;;;;;;;;;;;;;;;;;;;;;;;;;;;;0;;;;;;;;;0.134;0.187043;0.366533;224.442;281.452;353.284;391.779;430.105;4.722;9;10.8;14;14;15.2;16.5;17.76;;;;;;875.754;885.598;886.412;884.989;;;;
St. Lucia;LCA;Individuals using the Internet (% of population);IT.NET.USER.ZS;;;;;;;;;;;;;;;;;;;;;;;;;;;;;;;0;;;;;0.306;0.67;0.992;1.3;1.93;509.048;818.186;146.418;209.825;213.952;215.676;24.5;27.9;30;31;32.5;34;45.865;49.4;53.2;57.3;582.226;591.601;601.126;610.805;62.064;630.633;653.544;700.834;;;;
Latin America & Caribbean;LCN;Individuals using the Internet (% of population);IT.NET.USER.ZS;;;;;;;;;;;;;;;;;;;;;;;;;;;;;;;;;;;;;;;;;;;;;;16.6;20.7;23.7;26.4;31;34.6;39.3;43;46.1;48.7;54.4;57.5;60.2;63.5;67.8;73.8;75.8;77.1;80;81.7;83.7;;
Least developed countries: UN classification;LDC;Individuals using the Internet (% of population);IT.NET.USER.ZS;;;;;;;;;;;;;;;;;;;;;;;;;;;;;;;;;;;;;;;;;;;;;;0.7;1;1.8;2.2;2.6;3.3;4;4.8;6;8.2;10.7;13.8;16.2;19.5;21.2;24.1;26.1;28.2;29.9;31.4;33.7;;
Low income;LIC;Individuals using the Internet (% of population);IT.NET.USER.ZS;;;;;;;;;;;;;;;;;;;;;;;;;;;;;;;;;;;;;;;;;;;;;;1;1.3;2.5;3;3.7;4.3;4.9;5.4;6;6.9;7.9;10;11.4;13.8;16.4;17.6;19;21.2;22;22.5;23.4;;
Liechtenstein;LIE;Individuals using the Internet (% of population);IT.NET.USER.ZS;;;;;;;;;;;;;;;;;;;;;;;;;;;;;;;0;;;;;;;;;;365.152;451.169;594.707;588.097;640.074;633.714;642.142;650.802;70;75;80;85;894.077;93.8;95.21;966.412;980.939;995.466;;931.461;943.499;955.694;964.528;973.444;;;;
Sri Lanka;LKA;Individuals using the Internet (% of population);IT.NET.USER.ZS;;;;;;;;;;;;;;;;;;;;;;;;;;;;;;;0;;;;0.00277;0.00548;0.0545;0.162;0.296;0.348;0.64741;0.793822;105.042;145.858;144.616;179.205;253.757;3.88;;;;;;;10.5;15.26;22.19;25.1;28.3;32;361.847;444.531;48.3;51.2;;;;
Lower middle income;LMC;Individuals using the Internet (% of population);IT.NET.USER.ZS;;;;;;;;;;;;;;;;;;;;;;;;;;;;;;;;;;;;;;;;;;;;;;3.6;4.4;5.6;6.4;7.5;10.1;12.2;13.6;15.2;17.2;19.5;21.9;24.4;27.2;33.4;42.5;47.4;52.3;55.4;58.9;62.9;;
Low & middle income;LMY;Individuals using the Internet (% of population);IT.NET.USER.ZS;;;;;;;;;;;;;;;;;;;;;;;;;;;;;;;;;;;;;;;;;;;;;;;;;;;;;;;;;;;;;;;;;;;;
Lesotho;LSO;Individuals using the Internet (% of population);IT.NET.USER.ZS;;;;;;;;;;;;;;;;;;;;;;;;;;;;;;;0;;;;;;0.00285;0.00558;0.011;0.0538;0.211806;0.26115;108.394;15.325;217.552;258.025;297.971;344.543;3.58;3.72;3.86;7;10;15;22;25;324.539;39;40.8;423.017;436.575;450.567;465.007;47.991;;;;
Late-demographic dividend;LTE;Individuals using the Internet (% of population);IT.NET.USER.ZS;;;;;;;;;;;;;;;;;;;;;;;;;;;;;;;;;;;;;;;;;;;;;;;;;;;;;;;;;;;;;;;;;;;;
Lithuania;LTU;Individuals using the Internet (% of population);IT.NET.USER.ZS;;;;;;;;;;;;;;;;;;;;;;;;;;;;;;;0;;;;;;0.277;0.978;1.97;2.92;642.707;717.936;17.69;25.91;31.23;36.22;43.9;49.9;55.22;59.76;62.12;63.64;67.23;684.529;721.335;713.781;743.766;776.153;797.226;815.819;830.555;869.305;877.242;885.029;;;;
Luxembourg;LUX;Individuals using the Internet (% of population);IT.NET.USER.ZS;;;;;;;;;;;;;;;;;;;;;;;;;;;;;;;0;;0.153;0.302;0.496;1.59;5.55;7.14;11.7;17.4;228.873;361.634;39.84;54.55;65.88;70;72.51;78.92;82.23;87.31;90.62;900.299;919.499;937.765;946.702;963.767;981.367;97.363;970.613;971.206;984.596;986.609;98.242;993.479;987.606;;;
Latvia;LVA;Individuals using the Internet (% of population);IT.NET.USER.ZS;;;;;;;;;;;;;;;;;;;;;;;;;;;;;;;0;;;;;;0.813;2.05;3.32;4.39;631.906;721.935;21.94;26.98;38.58;46;53.63;59.17;63.41;66.84;68.42;69.75;731.199;752.344;758.261;792.006;798.421;801.141;835.772;861.355;88.898;911.796;910.301;921.879;927.076;;;
Macao SAR; China;MAC;Individuals using the Internet (% of population);IT.NET.USER.ZS;;;;;;;;;;;;;;;;;;;;;;;;;;;;;;;0;;;;0.037;0.28;0.727;2.36;7;9.21;136.086;225.212;251.719;257.421;314.841;348.629;46.4;47.327;49.24;54;55.198;602.037;61.31;65.8;697.809;776.001;81.643;831.741;837.941;864.679;874.623;884.681;879.696;891.806;;;
St. Martin (French part);MAF;Individuals using the Internet (% of population);IT.NET.USER.ZS;;;;;;;;;;;;;;;;;;;;;;;;;;;;;;;;;;;;;;;;;;;;;;;;;;;;;;;;;;;;;;;;;;;;
Morocco;MAR;Individuals using the Internet (% of population);IT.NET.USER.ZS;;;;;;;;;;;;;;;;;;;;;;;;;;;;;;;0;;;;;0.00371;0.00568;0.0216;0.142;0.176;0.693791;137.144;237.325;335.337;116.079;150.844;197.712;21.5;33.1;41.3;52;461.075;554.161;56;567.746;57.08;582.712;617.622;648.039;841.204;841.204;881.303;89.9;91;;;;
Monaco;MCO;Individuals using the Internet (% of population);IT.NET.USER.ZS;;;;;;;;;;;;;;;;;;;;;;;;;;;;;;;0;;;;;;;;;;421.849;466.461;480.471;494.912;524.902;554.648;61.476;643.777;67.25;70.1;75;80.3;87;90.7;92.4;933.633;952.082;97.053;;833.397;985.709;990.776;991.497;991.497;;;;
Moldova;MDA;Individuals using the Internet (% of population);IT.NET.USER.ZS;;;;;;;;;;;;;;;;;;;;;;;;;;;;;;;0;;;;0.000825;0.00346;0.00464;0.0281;0.261;0.601;128.285;148.781;378.724;740.754;106.294;146.303;196.206;20.45;23.39;27.5;29.68;32.07;34.65;37.44;67;69;71;49.9;50.3;577.605;582.153;74.495;767.412;802.126;;;;
Madagascar;MDG;Individuals using the Internet (% of population);IT.NET.USER.ZS;;;;;;;;;;;;;;;;;;;;;;;;;;;;;;;0;;;;;;0.0037;0.0143;0.0626;0.169;0.196395;0.222512;0.33972;0.423252;0.525354;0.567722;0.607552;0.65;1.65;1.63;1.7;1.9;2.3;3;3.7;417.397;471.366;6.4;77.478;937.944;113.547;137.459;185.532;203.671;;;;
Maldives;MDV;Individuals using the Internet (% of population);IT.NET.USER.ZS;;;;;;;;;;;;;;;;;;;;;;;;;;;;;;;0;0;0;0;0;0;0.227;0.309;0.57;1.12;220.387;361.729;534.777;597.659;658.825;686.961;110.364;16.3;23.2;24.8;26.53;34;389.301;44.1;49.28;54.462;59.5;65;70.9;774.697;790.978;819.576;839.119;846.851;;;;
Middle East; North Africa; Afghanistan & Pakistan;MEA;Individuals using the Internet (% of population);IT.NET.USER.ZS;;;;;;;;;;;;;;;;;;;;;;;;;;;;;;;;;;;;;;;;;;;;;;8.3;9.6;11.7;14.1;16.1;18.3;20.1;22.4;25.2;28.7;31.8;35;39.7;42.3;46;50.6;54.2;57.8;59.5;61.5;63.7
Mexico;MEX;Individuals using the Internet (% of population);IT.NET.USER.ZS;;;;;;;;;;;;;;;;;;;;;;;;;;;;;;;0;0.00588;0.0173;0.0283;0.0433;0.103;0.2;0.627;1.27;1.86;508.138;703.802;11.9;12.9;14.1;17.21;19.52;20.81;21.71;26.34;31.05;371.763;39.75;43.46;443.857;57.431;595.404;530.318;566.596;696.321;714.902;756.265;786.322;811.832;;;;
Marshall Islands;MHL;Individuals using the Internet (% of population);IT.NET.USER.ZS;;;;;;;;;;;;;;;;;;;;;;;;;;;;;;;0;0;0;0;0;0;0.0371;;;0.966;153.427;170.661;233.544;256.975;359.978;38.787;379.559;3.95;4.6;5.6;7;10;12.5;14;16.8;192.824;297.878;387.012;438.825;497.575;564.191;639.726;648.023;657.177;;;;
Middle income;MIC;Individuals using the Internet (% of population);IT.NET.USER.ZS;;;;;;;;;;;;;;;;;;;;;;;;;;;;;;;;;;;;;;;;;;;;;;;;;;;;;;;;;;;;;;;;;;;;
North Macedonia;MKD;Individuals using the Internet (% of population);IT.NET.USER.ZS;;;;;;;;;;;;;;;;;;;;;;;;;;;;;;;0;;;;;0.0407;0.076;0.504;1;1.5;248.557;346.818;17.33;19.07;24.44;26.45;28.62;36.3;46.04;51.77;51.9;56.7;574.499;65.24;680.585;703.802;721.568;745.168;791.678;814.129;814.055;818.737;85.008;871.819;;;;
Mali;MLI;Individuals using the Internet (% of population);IT.NET.USER.ZS;;;;;;;;;;;;;;;;;;;;;;;;;;;;;;;0;;;;;;0.00206;0.0101;0.0198;0.0609;0.142546;0.185897;0.227046;0.310364;0.43282;0.507063;0.729627;0.81;1.57;1.8;2;2.2;2.8;3.5;7;10.33;14;18.9;21.4;249.603;29.113;339.565;343.797;350.921;;;;
Malta;MLT;Individuals using the Internet (% of population);IT.NET.USER.ZS;;;;;;;;;;;;;;;;;;;;;;;;;;;;;;;0;;;;;0.225;1.05;3.92;6.5;7.76;131.137;178.778;28.92;31.64;34.62;41.24;40.41;46.9;50.08;58.86;63;680.198;681.999;689.138;731.141;75.96;780.751;810.119;81.658;857.786;868.588;874.698;915.406;920.727;;;;
Myanmar;MMR;Individuals using the Internet (% of population);IT.NET.USER.ZS;;;;;;;;;;;;;;;;;;;;;;;;;;;;;;;0;;;;;;;;;0.000152;;0.000289277;0.000426494;0.0240641;0.0243374;0.0652389;0.182048;0.217128;0.22;0.22;0.25;0.98;1.4;1.8;7.4;10.9;16;236.211;29.379;365.405;454.477;565.261;580.112;585.357;;;;
Middle East; North Africa; Afghanistan & Pakistan (excluding high income);MNA;Individuals using the Internet (% of population);IT.NET.USER.ZS;;;;;;;;;;;;;;;;;;;;;;;;;;;;;;;;;;;;;;;;;;;;;;7.5;8.4;9.7;11.7;13.5;15.5;16.9;18.7;21.3;24.7;27.6;30.8;34.8;37.6;41.5;46.4;50.2;54.1;55.9;58;0
Montenegro;MNE;Individuals using the Internet (% of population);IT.NET.USER.ZS;;;;;;;;;;;;;;;;;;;;;;;;;;;;;;;;;;;;;;;;;;;;;253.501;27.1;28.9;30.8;32.9;35.1;37.5;356.115;568.388;60.31;638.869;681.198;698.816;712.723;715.171;734.767;776.088;822.197;882.219;898.052;888.826;;;
Mongolia;MNG;Individuals using the Internet (% of population);IT.NET.USER.ZS;;;;;;;;;;;;;;;;;;;;;;;;;;;;;;;0;;;;;0.00881;0.0182;0.113;0.146;0.508;125.565;165.324;203.957;;;;;9;9.8;10;10.2;12.5;16.4;17.7;199.424;22.5;222.658;237.143;47.13;51.08;62.5;816.068;821.725;830.162;;;;
Northern Mariana Islands;MNP;Individuals using the Internet (% of population);IT.NET.USER.ZS;;;;;;;;;;;;;;;;;;;;;;;;;;;;;;;0;;;;;;;;;;;;;;;;;;;;;;;;;;;;;;;;;;;;;
Mozambique;MOZ;Individuals using the Internet (% of population);IT.NET.USER.ZS;;;;;;;;;;;;;;;;;;;;;;;;;;;;;;;0;;;;;;0.00304;0.0118;0.0202;0.0563;0.109593;0.160032;0.259613;0.419539;0.679448;0.854357;0.842954;0.91;1.56;2.68;4.17;4.6;5;5.5;6;6.5;7;779.633;10.9;124.793;142.874;163.576;187.913;198.434;;;;
Mauritania;MRT;Individuals using the Internet (% of population);IT.NET.USER.ZS;;;;;;;;;;;;;;;;;;;;;;;;;;;;;;;0;;;;;;;0.00417;0.0406;0.118;0.192031;0.261449;0.363229;0.424005;0.48147;0.669966;0.979661;143.361;1.87;2.28;4;4.5;5;6.2;11.8;17.6;192.328;210.172;22.967;250.978;274.262;299.707;343.001;373.809;;;;
Mauritius;MUS;Individuals using the Internet (% of population);IT.NET.USER.ZS;;;;;;;;;;;;;;;;;;;;;;;;;;;;;;;0;;;;;;0.184;0.476;2.57;4.65;728.154;87.809;102.526;121.871;136.891;151.722;16.7;20.22;21.81;22.51;28.33;34.95;35.42;401.168;448.033;501.393;521.913;554.032;585.962;61.73;677.329;71.6;75.5;79.5;;;;
Malawi;MWI;Individuals using the Internet (% of population);IT.NET.USER.ZS;;;;;;;;;;;;;;;;;;;;;;;;;;;;;;;0;;;;;;;0.00467;0.0181;0.0873;0.126781;0.164021;0.215095;0.278815;0.347505;0.384489;0.425137;0.965865;0.7;1.07;2.26;3.33;43.506;5.05;5.83;6;6.3;7;879.829;110.586;138.995;174.703;170.457;179.881;;;;
Malaysia;MYS;Individuals using the Internet (% of population);IT.NET.USER.ZS;;;;;;;;;;;;;;;;;;;;;;;;;;;;;;;0;;0.00105;0.0255;0.0996;0.146;0.852;2.31;6.75;12.3;213.847;26.696;323.382;349.712;422.523;486.292;51.638;55.7;55.8;55.9;56.3;61;65.8;570.575;636.654;710.641;787.883;801.405;81.201;841.871;89.555;967.514;973.986;976.927;980.206;;;
North America;NAC;Individuals using the Internet (% of population);IT.NET.USER.ZS;;;;;;;;;;;;;;;;;;;;;;;;;;;;;;;;;;;;;;;;;;;;;;68.3;69.3;74.8;74.3;71.9;72.5;71;75.5;72.8;74.4;76.1;86.1;87.8;89.1;89.7;90.5;91.5;92.6;93.3;94.4;95.6;;
Namibia;NAM;Individuals using the Internet (% of population);IT.NET.USER.ZS;;;;;;;;;;;;;;;;;;;;;;;;;;;;;;;0;;;;;0.00617;0.00903;0.0588;0.287;0.336;164.474;241.698;26.337;335.984;380.472;401.005;439.887;483.561;5.329;6.5;11.6;12;129.414;13.9;14.84;256.879;310.333;368.374;42.8;49.8;578.608;60.26;611.485;644.061;;;;
New Caledonia;NCL;Individuals using the Internet (% of population);IT.NET.USER.ZS;;;;;;;;;;;;;;;;;;;;;;;;;;;;;;;0;;;;;0.00518;0.253;0.989;1.94;5.69;139.395;182.371;223.898;264.083;30.298;32.359;335.157;35.05;34.51;33.99;42;50;58;66;70;740.018;;820.058;;;;;;;;;;
Niger;NER;Individuals using the Internet (% of population);IT.NET.USER.ZS;;;;;;;;;;;;;;;;;;;;;;;;;;;;;;;0;;;;;;0.00104;0.00201;0.00291;0.0281;0.0362613;0.105185;0.127152;0.155699;0.189934;0.221341;0.294034;0.390391;0.7;0.76;0.83;0.9;1.05;1.15;124.868;247.622;432.276;102.243;;166.119;170.375;17.474;232.982;231.879;;;;
Nigeria;NGA;Individuals using the Internet (% of population);IT.NET.USER.ZS;;;;;;;;;;;;;;;;;;;;;;;;;;;;;;;0;;;;;;0.00883;0.0172;0.0252;0.041;0.0640808;0.0899014;0.320462;0.558576;128.614;354.916;554.504;6.77;8;9.3;11.5;13.8;16.1;19.1;21;22.5;24.1;25.9;27.7;29.7;318.888;355.098;376.975;392.136;;;;
Nicaragua;NIC;Individuals using the Internet (% of population);IT.NET.USER.ZS;;;;;;;;;;;;;;;;;;;;;;;;;;;;;;;0;;;;0.0132;0.03;0.0841;0.206;0.304;0.498;0.980216;14.488;171.473;188.041;232.066;256.635;280.557;3.9;5.3;7.3;10;10.6;13.5;15.5;17.6;197.043;245.718;30.4;33.913;378.319;422.037;470.806;491.307;582.314;;;;
Netherlands;NLD;Individuals using the Internet (% of population);IT.NET.USER.ZS;;;;;;;;;;;;;;;;;;;;;;;;;;;;;;;0.334;0.531;1.32;1.97;3.26;6.47;9.65;14.1;22.2;39.2;439.844;493.731;61.29;64.35;68.52;81;83.7;85.82;87.42;89.63;90.72;91.42;92.86;939.564;916.667;917.241;90.411;931.973;918.919;932.886;913.333;92.053;925.197;970.068;;;;
Norway;NOR;Individuals using the Internet (% of population);IT.NET.USER.ZS;;;;;;;;;;;;;;;;;;;;;;;;;;;;;;;0.707;1.41;2.22;2.78;4.15;6.42;18.3;20.4;22.6;40;52;64;72.84;78.13;77.69;81.99;82.55;86.93;90.57;92.08;93.39;93.49;94.65;950.534;963.005;968.103;972.982;963.576;964.917;98;946.076;99;99;99;;;;
Nepal;NPL;Individuals using the Internet (% of population);IT.NET.USER.ZS;;;;;;;;;;;;;;;;;;;;;;;;;;;;;;;0;0;0;0;0;0.000925;0.00451;0.022;0.0644;0.147;0.204652;0.240015;0.312956;0.382811;0.449844;0.826551;114.139;1.41;1.73;1.97;7.93;9;111.493;13.3;15.44;175.816;20.7;24.3;28.6;333.366;388.576;45.293;538.878;557.716;;;;
Nauru;NRU;Individuals using the Internet (% of population);IT.NET.USER.ZS;;;;;;;;;;;;;;;;;;;;;;;;;;;;;;;0;;;;;;;;;;;298.716;;;;;;;;;;54;;;;;;623.851;;747.379;816.554;;;;;;;
New Zealand;NZL;Individuals using the Internet (% of population);IT.NET.USER.ZS;;;;;;;;;;;;;;;;;;;;;;;;;;;;;;;0;;0.286;0.631;3.17;4.88;8.04;14.6;31.6;41.5;473.796;53.241;590.808;609.625;618.476;627.202;69;69.76;72.03;79.7;80.46;81.23;816.445;82.78;84;85.2;86.5;87.7;89;898.637;952.342;961.151;961.942;961.638;;;;
OECD members;OED;Individuals using the Internet (% of population);IT.NET.USER.ZS;;;;;;;;;;;;;;;;;;;;;;;;;;;;;;;;;;;;;;;;;;;;;;;;;;;;;;;;;;;;;;;;;;;;
Oman;OMN;Individuals using the Internet (% of population);IT.NET.USER.ZS;;;;;;;;;;;;;;;;;;;;;;;;;;;;;;;0;;;;;;0;0.44;0.863;2.52;352.042;589.384;68.734;725.574;675.885;668.358;829.972;16.68;20;26.8;358.278;48;60;66.45;70.22;73.53;768.454;801.856;85.5;902.594;952.323;952.388;952.453;952.517;952.517;;;
Other small states;OSS;Individuals using the Internet (% of population);IT.NET.USER.ZS;;;;;;;;;;;;;;;;;;;;;;;;;;;;;;;;;;;;;;;;;;;;;;;;;;;;;;;;;;;;;;;;;;;;
Pakistan;PAK;Individuals using the Internet (% of population);IT.NET.USER.ZS;;;;;;;;;;;;;;;;;;;;;;;;;;;;;;;0;;;;;0.000123;0.00299;0.0275;0.0439;0.0554;;131.855;257.743;504.116;616.432;633.233;6.5;6.8;7;7.5;8;8;8.1;9;10;11;123.854;13.78;15.34;170.709;189.348;214.107;242.103;273.759;;;;
Panama;PAN;Individuals using the Internet (% of population);IT.NET.USER.ZS;;;;;;;;;;;;;;;;;;;;;;;;;;;;;;;0;;;;0.00764;0.0561;0.22;0.539;2.75;3.84;65.548;72.684;851.808;998.742;111.409;11.484;173.496;22.29;33.82;39.08;40.1;42.7;403.019;44.03;449.238;512.054;54;599.506;618.055;636.284;700.097;77.031;777.041;685.485;;;;
Peru;PER;Individuals using the Internet (% of population);IT.NET.USER.ZS;;;;;;;;;;;;;;;;;;;;;;;;;;;;;;;0;;;;0.0085;0.0334;0.246;0.403;1.19;1.95;307.643;757.876;896.695;11.6;14.1;17.1;20.7;25.2;30.57;31.4;34.77;36.01;38.2;39.2;402.447;408.526;454.617;504.504;550.543;599.505;652.518;711.078;74.675;794.848;819.571;;;
Philippines;PHL;Individuals using the Internet (% of population);IT.NET.USER.ZS;;;;;;;;;;;;;;;;;;;;;;;;;;;;;;;0;;;;0.00584;0.0286;0.0559;0.137;1.1;1.43;198.225;252.401;433.228;485.767;524.363;539.764;574.059;5.97;6.22;9;25;29;30.8;32.7;34.7;36.9;39.2;41.6;44.1;430.266;537.649;669.078;752.111;837.661;;;;
Palau;PLW;Individuals using the Internet (% of population);IT.NET.USER.ZS;;;;;;;;;;;;;;;;;;;;;;;;;;;;;;;0;;;;;;;;;;;;202.439;216.015;269.703;;;;;;;;;;;;;;;;;;;;;;;
Papua New Guinea;PNG;Individuals using the Internet (% of population);IT.NET.USER.ZS;;;;;;;;;;;;;;;;;;;;;;;;;;;;;;;0;;;;;;0.00207;0.101;0.235;0.667;0.835249;0.904104;132.166;13.744;150.791;171.619;175.449;179.056;1.15;1.61;1.28;2;3.5;5.1;6.5;7.9;960.154;112.092;;199.783;243.969;232.437;237.315;240.667;;;;
Poland;POL;Individuals using the Internet (% of population);IT.NET.USER.ZS;;;;;;;;;;;;;;;;;;;;;;;;;;;;;;;0;0.00523;0.0521;0.13;0.389;0.648;1.3;2.07;4.1;5.46;728.543;990.067;21.15;24.87;32.53;38.81;44.58;48.6;53.13;58.97;62.32;61.95;62.31;628.492;665.987;67.997;733.007;759.854;775.417;804.359;831.849;853.749;869.411;864.147;88.585;;;
Pre-demographic dividend;PRE;Individuals using the Internet (% of population);IT.NET.USER.ZS;;;;;;;;;;;;;;;;;;;;;;;;;;;;;;;;;;;;;;;;;;;;;;;;;;;;;;;;;;;;;;;;;;;;
Puerto Rico (US);PRI;Individuals using the Internet (% of population);IT.NET.USER.ZS;;;;;;;;;;;;;;;;;;;;;;;;;;;;;;;0;;;;0.0273;0.135;0.268;1.33;2.65;5.27;104.746;15.63;175.476;19.707;221.307;234.001;254.424;27.86;38;41.5;45.3;48;69;69;761.339;634.663;686.438;687.408;708.564;777.364;;847.867;872.918;;;;;
Korea; Dem. People's Rep.;PRK;Individuals using the Internet (% of population);IT.NET.USER.ZS;;;;;;;;;;;;;;;;;;;;;;;;;;;;;;;0;;;;;;;0;0;0;0;0;0;0;0;0;0;0;0;0;0;0;0;;;;;;;;;;;;;;
Portugal;PRT;Individuals using the Internet (% of population);IT.NET.USER.ZS;;;;;;;;;;;;;;;;;;;;;;;;;;;;;;;0;0.1;0.25;0.45;0.719;1.49;2.98;4.95;9.87;14.7;164.305;180.871;19.37;29.67;31.78;34.99;38.01;42.09;44.13;48.27;53.3;55.25;60.34;620.956;645.924;686.329;704.236;737.912;74.661;753.464;782.617;82.309;844.969;857.901;88.487;;;
Paraguay;PRY;Individuals using the Internet (% of population);IT.NET.USER.ZS;;;;;;;;;;;;;;;;;;;;;;;;;;;;;;;0;;;;;;0.0204;0.0996;0.195;0.382;0.747631;109.879;179.497;211.194;345.244;790.701;796.207;11.21;14.27;18.9;19.8;247.635;29.34;36.9;430.074;497.163;534.041;610.758;649.935;685.176;739.575;770.184;762.592;780.948;815.781;;;
West Bank and Gaza;PSE;Individuals using the Internet (% of population);IT.NET.USER.ZS;;;;;;;;;;;;;;;;;;;;;;;;;;;;;;;0;;;;;;;;;;111.131;183.685;310.009;413.062;44.009;16.005;18.41;21.176;24.358;32.23;37.4;41.08;43.4;46.6;536.652;56.7;59.9;63.3;64.4;706.226;76.01;821.783;886.469;866.377;;;;
Pacific island small states;PSS;Individuals using the Internet (% of population);IT.NET.USER.ZS;;;;;;;;;;;;;;;;;;;;;;;;;;;;;;;;;;;;;;;;;;;;;;;;;;;;;;;;;;;;;;;;;;;;
Post-demographic dividend;PST;Individuals using the Internet (% of population);IT.NET.USER.ZS;;;;;;;;;;;;;;;;;;;;;;;;;;;;;;;;;;;;;;;;;;;;;;;;;;;;;;;;;;;;;;;;;;;;
French Polynesia;PYF;Individuals using the Internet (% of population);IT.NET.USER.ZS;;;;;;;;;;;;;;;;;;;;;;;;;;;;;;;0;;;;;;0.091;0.214;1.32;3.45;635.706;625.159;820.022;141.243;178.845;215.422;25.108;28.59;33.87;44.6;49;49;528.766;56.8;60.68;645.602;684.404;727.039;;;;;;;;;;
Qatar;QAT;Individuals using the Internet (% of population);IT.NET.USER.ZS;;;;;;;;;;;;;;;;;;;;;;;;;;;;;;;0;;;;;0.19;0.93;3.08;3.52;4.07;486.368;617.027;102.261;192.423;207.016;247.335;289.741;37;44.3;53.1;69;69;69.3;85.3;91.49;928.848;951.247;973.888;996.528;996.528;996.528;996.528;996.528;996.528;;;;
Romania;ROU;Individuals using the Internet (% of population);IT.NET.USER.ZS;;;;;;;;;;;;;;;;;;;;;;;;;;;;;;;0;;;0.0037;0.0263;0.075;0.222;0.445;2.24;2.7;361.372;453.867;6.58;8.9;15;21.5;24.66;28.3;32.42;36.6;39.93;40.01;45.88;497.645;540.783;557.632;59.504;637.473;706.813;736.575;784.553;835.904;855.031;892.034;912.905;;;
Russian Federation;RUS;Individuals using the Internet (% of population);IT.NET.USER.ZS;;;;;;;;;;;;;;;;;;;;;;;;;;;;;;;0;;0.000673;0.0134;0.0538;0.148;0.27;0.473;0.813;1.02;197.723;294.437;412.827;829.886;128.594;152.267;180.233;24.66;32;42.55;49;58;66;67.97;705.176;700.992;730.914;760.081;808.647;826.422;849.947;882.138;90.418;92.245;94.365;;;
Rwanda;RWA;Individuals using the Internet (% of population);IT.NET.USER.ZS;;;;;;;;;;;;;;;;;;;;;;;;;;;;;;;0;;;;;;0.000883;0.00163;0.0118;0.0672;0.0628315;0.240672;0.292785;0.356918;0.430854;0.556041;;211.539;4.5;7.7;8;7;802.385;9;10.6;12.5;14.6;17.2;19.2;21.358;23.8;244.416;312.252;342.005;;;;
South Asia;SAS;Individuals using the Internet (% of population);IT.NET.USER.ZS;;;;;;;;;;;;;;;;;;;;;;;;;;;;;;;;;;;;;;;;;;;;;;2.1;2.6;3.7;4.1;4.9;7.1;9.4;10.4;11.7;13;14.7;16.7;18.8;20.9;29.7;42.5;48;54.2;58.3;62.8;67.8;;
Saudi Arabia;SAU;Individuals using the Internet (% of population);IT.NET.USER.ZS;;;;;;;;;;;;;;;;;;;;;;;;;;;;;;;0;;;;;0.011;0.0267;0.0521;0.101;0.494;221.069;468.105;638.471;800.158;102.345;12.705;194.596;30;36;38;41;47.5;54;60.5;647.137;696.162;748.793;941.756;93.31;957.247;978.623;100;100;100;100;;;
Sudan;SDN;Individuals using the Internet (% of population);IT.NET.USER.ZS;;;;;;;;;;;;;;;;;;;;;;;;;;;;;;;0;;;;0;0;0;0.00123;0.00481;0.00879;0.025785;0.140185;0.439478;0.538472;0.791562;129.204;;8.66;;;;;;;;;14.1;18.6;24.6;25.9;264.383;;;;;;;
Senegal;SEN;Individuals using the Internet (% of population);IT.NET.USER.ZS;;;;;;;;;;;;;;;;;;;;;;;;;;;;;;;0;;;;;0.000693;0.0112;0.0273;0.0799;0.311;0.403967;0.983794;100.645;210.144;438.602;478.668;561.174;6.89;7.12;7.5;8;9.8;10.8;13.1;17.7;21.7;256.648;296.431;35.3;43.4;533.088;572.554;592.246;606.122;;;;
Singapore;SGP;Individuals using the Internet (% of population);IT.NET.USER.ZS;;;;;;;;;;;;;;;;;;;;;;;;;;;;;;;0;0.162;0.471;0.763;1.19;2.87;8.35;13.5;19.6;24.2;36;416.704;47;538.379;62;61;59;69.9;69;69;71;71;72;809.021;790.292;79.013;844.523;844.523;881.656;889.493;920.043;969.247;959.539;942.852;943.776;;;
Solomon Islands;SLB;Individuals using the Internet (% of population);IT.NET.USER.ZS;;;;;;;;;;;;;;;;;;;;;;;;;;;;;;;0;;;;;0.0249;0.269;0.392;0.508;0.495;0.481297;0.468552;0.50192;0.55561;0.649673;0.844308;164.635;2;3;4;5;6;69.974;8;9;100.005;110.009;15.1;20.9;263.406;331.974;418.392;42.094;424.597;;;;
Sierra Leone;SLE;Individuals using the Internet (% of population);IT.NET.USER.ZS;;;;;;;;;;;;;;;;;;;;;;;;;;;;;;;0;;;0;0;0;0.00251;0.00499;0.0148;0.0485;0.118254;0.160264;0.176199;0.190173;0.203008;0.215392;0.227669;0.239835;0.25;0.26;0.58;0.9;2.5;4;60.573;634.442;117.732;132.369;144.223;157.137;171.208;186.539;192.287;20.635;;;;
El Salvador;SLV;Individuals using the Internet (% of population);IT.NET.USER.ZS;;;;;;;;;;;;;;;;;;;;;;;;;;;;;;;0;;;;;;0.0864;0.257;0.425;0.845;11.774;1.5;1.9;2.5;3.2;4.2;5.5;6.11;10.08;12.11;15.9;18.9;203.214;231.093;247.617;268.026;289.971;338.207;43.8;504.912;546.014;617.527;655.298;676.558;;;;
San Marino;SMR;Individuals using the Internet (% of population);IT.NET.USER.ZS;;;;;;;;;;;;;;;;;;;;;;;;;;;;;;;0;;;;;1.36;1.43;1.42;1.41;42.8;487.995;503.417;508.348;500.035;505.663;502.596;502.087;503.648;54.52;54.21;;49.6;;;;;;601.823;;678.507;77.95;81.67;850.607;870.278;;;;
Somalia; Fed. Rep.;SOM;Individuals using the Internet (% of population);IT.NET.USER.ZS;;;;;;;;;;;;;;;;;;;;;;;;;;;;;;;0;;;;;0;0.00151;0.00295;0.00716;0.0139;0.02;0.0790392;0.115614;0.376198;105.345;107.733;110.022;112.224;114.269;116.061;;1.25;13.767;1.5;1.63;1.76;1.88;200.405;;;150.237;;27.6;;;;
Serbia;SRB;Individuals using the Internet (% of population);IT.NET.USER.ZS;;;;;;;;;;;;;;;;;;;;;;;;;;;;;;;;;;;;;;;;;;;;;23.5;26.3;27.2;33.15;35.6;38.1;40.9;42.2;48.1;534.504;620.751;65.317;670.568;703.308;733.607;774.168;78.368;811.659;835.383;853.575;876.907;;;
Sub-Saharan Africa (excluding high income);SSA;Individuals using the Internet (% of population);IT.NET.USER.ZS;;;;;;;;;;;;;;;;;;;;;;;;;;;;;;;;;;;;;;;;;;;;;;2.2;2.8;3.7;4.2;4.9;6.7;8.3;9.9;11.8;13.9;16.3;18.5;20.4;22.8;25.3;28;30.3;32.7;33.5;34.7;36.5;;
South Sudan;SSD;Individuals using the Internet (% of population);IT.NET.USER.ZS;;;;;;;;;;;;;;;;;;;;;;;;;;;;;;;;;;;;;;;;;;;;;;;;;;;;;;2.2;2.6;3;3.5;4.1;4.8;6.7;927.123;;;;;;;
Sub-Saharan Africa;SSF;Individuals using the Internet (% of population);IT.NET.USER.ZS;;;;;;;;;;;;;;;;;;;;;;;;;;;;;;;;;;;;;;;;;;;;;;2;2.6;3.1;3.6;4.3;6;7.5;9.2;11.2;13.4;16.2;18.3;20;22;24.4;26.7;29;31.1;32.3;33.6;35.7;;
Small states;SST;Individuals using the Internet (% of population);IT.NET.USER.ZS;;;;;;;;;;;;;;;;;;;;;;;;;;;;;;;;;;;;;;;;;;;;;;19.6;21.1;23.3;25.6;28.7;32;35.5;38.5;41.2;44.7;47.7;50.9;55.6;58;62.1;65.6;69.1;70.5;71.7;72.5;0;;
Sao Tome and Principe;STP;Individuals using the Internet (% of population);IT.NET.USER.ZS;;;;;;;;;;;;;;;;;;;;;;;;;;;;;;;0;;;;;;;;0.296;0.363;463.852;631.092;758.067;101.618;133.229;137.595;14.182;145.905;15.48;16.41;18.75;201.612;215.724;23;24.41;25.82;28;32.6;38;44.3;515.547;615.241;615.535;614.607;;;;
Suriname;SUR;Individuals using the Internet (% of population);IT.NET.USER.ZS;;;;;;;;;;;;;;;;;;;;;;;;;;;;;;;0;;;;;0.115;0.226;1;1.67;1.89;250.641;306.445;416.157;471.988;607.605;640.309;949.963;14.11;21.06;31.36;31.59;32;346.812;37.4;40.08;427.638;45.4;489.452;55.1;62;698.369;76.572;776.494;783.958;;;;
Slovak Republic;SVK;Individuals using the Internet (% of population);IT.NET.USER.ZS;;;;;;;;;;;;;;;;;;;;;;;;;;;;;;;0;;;0.128;0.319;0.523;0.783;1.17;2.69;5.44;94.268;125.283;40.14;43.04;52.89;55.19;56.08;61.8;66.05;70;75.71;74.44;76.71;778.826;799.843;776.347;804.759;816.257;804.489;828.537;899.209;889.256;890.677;872.131;898.251;;;
Slovenia;SVN;Individuals using the Internet (% of population);IT.NET.USER.ZS;;;;;;;;;;;;;;;;;;;;;;;;;;;;;;;0;;;0.41;1.07;2.9;5.07;7.59;10.1;12.6;151.103;301.759;278.389;318.548;40.81;46.81;54.01;56.74;58;64;70;67.34;68.35;726.756;715.863;730.987;754.985;788.854;79.75;831.084;866.013;89.004;889.125;903.779;907.636;;;
Sweden;SWE;Individuals using the Internet (% of population);IT.NET.USER.ZS;;;;;;;;;;;;;;;;;;;;;;;;;;;;;;;0.584;1.16;1.5;1.72;3.41;5.1;9.04;23.7;33.5;41.4;456.877;517.657;70.57;79.13;83.89;84.83;87.76;82.01;90;91;90;92.77;93.18;947.836;925.236;906.102;896.509;930.063;89.247;944.934;945.394;946.703;950.097;957.033;955.293;;;
Eswatini;SWZ;Individuals using the Internet (% of population);IT.NET.USER.ZS;;;;;;;;;;;;;;;;;;;;;;;;;;;;;;;0;;;;;0.00103;0.0504;0.0885;0.0961;0.471;0.926192;128.159;18.162;243.707;322.869;369.696;369.654;4.1;6.85;8.94;11.04;18.13;207.818;24.7;25;25.643;28.57;35.3;39.4;43.9;49.013;539.953;57.465;57.62;;;;
Sint Maarten (Dutch part);SXM;Individuals using the Internet (% of population);IT.NET.USER.ZS;;;;;;;;;;;;;;;;;;;;;;;;;;;;;;;;;;;;;;;;;;;;;;;;;;;;;;;;;;;;;;;;;;;;
Seychelles;SYC;Individuals using the Internet (% of population);IT.NET.USER.ZS;;;;;;;;;;;;;;;;;;;;;;;;;;;;;;;0;;;;;;0.651;1.28;2.53;6.23;739.563;110.151;143.042;145.925;242.721;254.133;34.952;38.38;40.44;;41;43.164;47.076;50.4;512.547;542.596;565.147;62.6;69.2;76.6;848.223;873.383;870.353;874.009;;;;
Syrian Arab Republic;SYR;Individuals using the Internet (% of population);IT.NET.USER.ZS;;;;;;;;;;;;;;;;;;;;;;;;;;;;;;;0;0;0;0;0;0;0;0.0326;0.0637;0.124;0.181699;0.353759;20.931;339.797;432.159;564.811;783.255;11.5;14;17.3;20.7;22.5;243.001;26.2;28.09;299.798;318.696;32.7;33.77;34.65;;;;;;;;
Turks and Caicos Islands;TCA;Individuals using the Internet (% of population);IT.NET.USER.ZS;;;;;;;;;;;;;;;;;;;;;;;;;;;;;;;0;;;;;;;;;;;;;;;;;;;;;;;;;;;;;;;;;;;;;
Chad;TCD;Individuals using the Internet (% of population);IT.NET.USER.ZS;;;;;;;;;;;;;;;;;;;;;;;;;;;;;;;0;;;;;;;0.000658;0.00427;0.0123;0.0357071;0.0459341;0.16607;0.320309;0.36092;0.399258;0.581046;0.847225;1.19;1.5;1.7;1.9;2.1;2.5;2.9;3.5;5.8;6.4;7;7.6;834.311;131.283;124.865;131.832;;;;
East Asia & Pacific (IDA & IBRD countries);TEA;Individuals using the Internet (% of population);IT.NET.USER.ZS;;;;;;;;;;;;;;;;;;;;;;;;;;;;;;;;;;;;;;;;;;;;;;8.4;10.3;14.5;19.5;24;29.3;32.7;36.1;38.7;41.1;44.1;50.2;54.6;59.8;64.3;72.7;78.3;82.3;85;86.8;88.9;;
Europe & Central Asia (IDA & IBRD countries);TEC;Individuals using the Internet (% of population);IT.NET.USER.ZS;;;;;;;;;;;;;;;;;;;;;;;;;;;;;;;;;;;;;;;;;;;;;;14.6;17.7;23;28.2;34.7;40;45.4;50.7;53.5;57.7;59.4;63.3;67;71.8;75.2;78.6;82.6;85.2;87.3;88.9;90.8;;
Togo;TGO;Individuals using the Internet (% of population);IT.NET.USER.ZS;;;;;;;;;;;;;;;;;;;;;;;;;;;;;;;0;0;0;0;0;0;0.0109;0.211;0.306;0.59;0.8;0.9;1;1.2;1.5;1.8;2;2.2;2.4;2.6;3;3.5;4;4.5;5.7;7.12;11.31;123.602;15.5;207.273;290.237;303.384;355.105;370.223;;;;
Thailand;THA;Individuals using the Internet (% of population);IT.NET.USER.ZS;;;;;;;;;;;;;;;;;;;;;;;;;;;;;;;0;5.22E-05;0.000344;0.0136;0.0386;0.0748;0.115;0.361;1.09;2.43;368.904;555.633;753.125;929.903;106.773;15.026;171.607;20.03;18.2;20.1;22.4;236.699;26.46;28.94;348.861;393.161;47.505;528.919;568.175;666.524;778.437;852.696;879.772;895.353;908.672;;;
Tajikistan;TJK;Individuals using the Internet (% of population);IT.NET.USER.ZS;;;;;;;;;;;;;;;;;;;;;;;;;;;;;;;0;;;;;;;;;0.0328;0.0485996;0.0512591;0.0554628;0.0645838;0.0774799;0.29869;377.241;719.762;8.78;10.07;11.55;13.03;14.51;16;17.49;18.98;20.47;21.96;;;275.441;498.409;531.078;56.791;;;;
Turkmenistan;TKM;Individuals using the Internet (% of population);IT.NET.USER.ZS;;;;;;;;;;;;;;;;;;;;;;;;;;;;;;;0;;;;;;;;;0.045;0.133282;0.17521;0.302132;0.425183;0.754054;0.997257;131.957;140.636;1.75;1.95;3;5;71.958;9.6;12.2;149.968;179.903;21.251;;;;;;;;;;
Latin America & the Caribbean (IDA & IBRD countries);TLA;Individuals using the Internet (% of population);IT.NET.USER.ZS;;;;;;;;;;;;;;;;;;;;;;;;;;;;;;;;;;;;;;;;;;;;;;16.7;20.9;23.9;26.7;31.3;35;39.7;43.4;46.4;49;54.7;57.7;60.2;63.5;67.7;73.8;75.9;77.3;80.2;81.8;83.9;;
Timor-Leste;TLS;Individuals using the Internet (% of population);IT.NET.USER.ZS;;;;;;;;;;;;;;;;;;;;;;;;;;;;;;;0;;;;;;;;;;;;0;;;0.0990318;0.5;1;1.5;2;3;4;7;11;17.5;18.6;21.2;24.2;27.6;280.046;320.127;35.042;345.102;340.207;;;;
Middle East; North Africa; Afghanistan & Pakistan (IDA & IBRD);TMN;Individuals using the Internet (% of population);IT.NET.USER.ZS;;;;;;;;;;;;;;;;;;;;;;;;;;;;;;;;;;;;;;;;;;;;;;7.4;8.3;9.6;11.6;13.4;15.3;16.7;18.6;21.1;24.5;27.4;30.6;34.6;37.4;41.3;46.2;50;53.8;55.7;57.8;60.2
Tonga;TON;Individuals using the Internet (% of population);IT.NET.USER.ZS;;;;;;;;;;;;;;;;;;;;;;;;;;;;;;;0;;;;;0.123;0.164;0.511;0.765;1.02;24.344;282.537;29.073;298.582;395.237;490.778;585.394;717.987;811.077;10;16;25;30;32.754;359.544;386.513;39.95;46.2;;;;575.486;577.181;585.334;;;;
South Asia (IDA & IBRD);TSA;Individuals using the Internet (% of population);IT.NET.USER.ZS;;;;;;;;;;;;;;;;;;;;;;;;;;;;;;;;;;;;;;;;;;;;;;2.1;2.6;3.7;4.1;4.9;7.1;9.4;10.4;11.7;13;14.7;16.7;18.8;20.9;29.7;42.5;48;54.2;58.3;62.8;67.8;;
Sub-Saharan Africa (IDA & IBRD countries);TSS;Individuals using the Internet (% of population);IT.NET.USER.ZS;;;;;;;;;;;;;;;;;;;;;;;;;;;;;;;;;;;;;;;;;;;;;;2;2.5;3.4;3.8;4.5;6.1;7.6;9.2;11.1;13.3;16.1;18.2;19.9;22.1;24.4;26.8;28.9;31.1;32.1;33.3;35.2;;
Trinidad and Tobago;TTO;Individuals using the Internet (% of population);IT.NET.USER.ZS;;;;;;;;;;;;;;;;;;;;;;;;;;;;;;;0;;;;;0.158;0.393;1.17;2.72;5.81;772.141;153.846;219.987;259.718;270.243;289.767;300.037;32.3;34.8;44.3;48.5;55.2;57.5;59.9;62.4;65.1;67.8;70.6;72.8;75;772.813;843.658;844.957;846.994;;;;
Tunisia;TUN;Individuals using the Internet (% of population);IT.NET.USER.ZS;;;;;;;;;;;;;;;;;;;;;;;;;;;;;;;0;;;;0.00738;0.0112;0.0276;0.0437;0.108;1.6;275.074;429.797;525.289;649.085;852.882;965.509;129.864;17.1;27.53;34.07;36.8;39.1;414.416;43.8;46.16;46.5;49.6;555.002;641.908;66.7;685.564;683.155;705.532;723.542;;;;
Turkiye;TUR;Individuals using the Internet (% of population);IT.NET.USER.ZS;;;;;;;;;;;;;;;;;;;;;;;;;;;;;;;0;;;0.00846;0.0499;0.0817;0.193;0.474;0.699;2.29;376.169;518.948;11.38;12.33;14.58;15.46;18.24;28.63;34.37;36.4;39.82;430.657;45.13;46.25;510.374;53.745;583.477;646.846;710.428;739.767;776.696;814.084;834.372;859.607;873.079;;;
Tuvalu;TUV;Individuals using the Internet (% of population);IT.NET.USER.ZS;;;;;;;;;;;;;;;;;;;;;;;;;;;;;;;0;;;;;;;;;;524.164;5.7;6.3;6.9;7.6;8.3;9.1;10;11.2;12.8;14.6;16.5;18.7;21.2;24.1;27.3;31;35.2;422.865;507.996;610.265;733.124;735.846;743.146;;;;
Tanzania;TZA;Individuals using the Internet (% of population);IT.NET.USER.ZS;;;;;;;;;;;;;;;;;;;;;;;;;;;;;;;0;;;;;;0.00162;0.0079;0.00924;0.0751;0.117194;0.1713;0.222484;0.676963;0.877575;1.1;1.3;1.6;1.9;2.4;2.9;3.2;3.95;4.4;7;10;135.042;144.634;154.907;165.909;177.693;190.314;22.101;290.638;;;;
Uganda;UGA;Individuals using the Internet (% of population);IT.NET.USER.ZS;;;;;;;;;;;;;;;;;;;;;;;;;;;;;;;0;;;;;0.00286;0.00463;0.0103;0.0653;0.106;0.163714;0.237945;0.384094;0.46485;0.719971;174.221;252.936;367.197;3.88;4.1;4.3;4.6;4.8;5.1;5.4;5.8;5.9;;;;7.4;10;111.246;152.524;894.983;;;
Ukraine;UKR;Individuals using the Internet (% of population);IT.NET.USER.ZS;;;;;;;;;;;;;;;;;;;;;;;;;;;;;;;0;;;0.000777;0.0136;0.0431;0.0986;0.199;0.301;0.405;0.716184;123.876;187.389;314.813;348.948;374.976;450.612;6.55;11;17.9;23.3;287.083;35.27;409.541;46.236;488.846;53.001;588.895;625.532;701.248;750.379;792.183;826.753;823.755;;;;
Upper middle income;UMC;Individuals using the Internet (% of population);IT.NET.USER.ZS;;;;;;;;;;;;;;;;;;;;;;;;;;;;;;;;;;;;;;;;;;;;;;10.2;12.5;16.6;21.2;25.8;30.6;34.5;38.3;41.4;44.3;47.9;53.3;57.7;62.2;67.5;74.9;79.4;82.7;85.3;86.9;88.8;;
Uruguay;URY;Individuals using the Internet (% of population);IT.NET.USER.ZS;;;;;;;;;;;;;;;;;;;;;;;;;;;;;;;0;;;;0.0625;0.31;1.85;3.36;6.99;9.97;105.391;111.214;114.195;159.371;170.631;200.882;29.4;34;39.3;41.8;46.4;514.047;544.538;57.69;614.625;645.708;66.4;703.224;807.268;833.515;85.471;876.444;89.873;89.896;919.911;;;
United States;USA;Individuals using the Internet (% of population);IT.NET.USER.ZS;;;;;;;;;;;;;;;;;;;;;;;;;;;;;;;0.785;1.16;1.72;2.27;4.86;9.24;16.4;21.6;30.1;35.8;430.792;490.808;587.854;616.971;647.583;679.681;689.312;75;74;71;71.69;697.295;74.7;71.4;73;745.542;855.444;872.749;884.989;894.303;903.447;912.684;922.016;931.444;;;;
Uzbekistan;UZB;Individuals using the Internet (% of population);IT.NET.USER.ZS;;;;;;;;;;;;;;;;;;;;;;;;;;;;;;;0;;;;;0.00153;0.00429;0.0105;0.0208;0.0307;0.484347;0.597568;108.194;19.126;259.373;334.351;638.832;74.906;908.011;11.9;15.9;18.6;23.6;26.8;35.5;42.8;467.913;48.7;55.2;70.4;71.1;765.904;83.9;890.136;;;;
St. Vincent and the Grenadines;VCT;Individuals using the Internet (% of population);IT.NET.USER.ZS;;;;;;;;;;;;;;;;;;;;;;;;;;;;;;;0;;;;;0.129;0.483;0.926;1.85;2.78;324.504;509.481;554.959;646.227;737.117;919.828;12;16;21;31;33.7;36.7;40;43.5;47.4;49.4;51.5;53.7;56;595.763;63.381;674.287;717.226;759.927;;;;
Venezuela; RB;VEN;Individuals using the Internet (% of population);IT.NET.USER.ZS;;;;;;;;;;;;;;;;;;;;;;;;;;;;;;;0;;0.0121;0.0416;0.0555;0.122;0.248;0.391;1.38;2.84;33.596;4.636;491.045;749.996;840.447;12.553;152.247;20.83;25.88;32.7;37.37;40.22;490.501;54.9;57;58;60;61.6;;;;;;;;;
British Virgin Islands;VGB;Individuals using the Internet (% of population);IT.NET.USER.ZS;;;;;;;;;;;;;;;;;;;;;;;;;;;;;;;0;;;;;;;;;;;;188.857;;;;;;;36;37;37.4;37.6;;;;777.014;777.043;;;;;;;;;;
Virgin Islands (U.S.);VIR;Individuals using the Internet (% of population);IT.NET.USER.ZS;;;;;;;;;;;;;;;;;;;;;;;;;;;;;;;0;;;;0.941;2.8;4.65;6.95;9.25;11.1;138.151;183.758;274.944;274.291;27.377;273.443;273.326;273.393;273.618;273.965;31.22;35.6;405.479;45.3;50.07;548.391;596.083;643.775;;;;;;;;;;
Viet Nam;VNM;Individuals using the Internet (% of population);IT.NET.USER.ZS;;;;;;;;;;;;;;;;;;;;;;;;;;;;;;;0;;;;;;0.000135;0.00398;0.0131;0.129;0.254248;126.565;1.855;378.028;764.241;127.399;172.546;207.554;23.92;26.55;30.65;35.07;36.8;38.5;41;45;53;58.14;698.479;686.616;70.3;74.21;78.59;78.08;84.15;;;
Vanuatu;VUT;Individuals using the Internet (% of population);IT.NET.USER.ZS;;;;;;;;;;;;;;;;;;;;;;;;;;;;;;;0;;;;;;0.0568;0.14;0.274;0.538;210.834;283.057;351.004;39.033;47.466;508.233;585.059;6.8;726.912;7.5;8;9.2;10.598;11.3;18.8;223.514;24;30.8;33.989;375.081;413.916;456.772;456.747;457.313;;;;
World;WLD;Individuals using the Internet (% of population);IT.NET.USER.ZS;;;;;;;;;;;;;;;;;;;;;;;;;;;;;;;;;;;;;;;;;;;;;;15.6;17.2;20.2;22.8;25.3;28.4;30.9;33.3;35.3;37.4;39.9;43.6;46.3;49.4;53.9;60.1;63.8;67;69.2;71.2;73.6;;
Samoa;WSM;Individuals using the Internet (% of population);IT.NET.USER.ZS;;;;;;;;;;;;;;;;;;;;;;;;;;;;;;;0;;;;;;;0.175;0.23;0.285;0.566393;16.899;224.483;279.963;307.553;335.259;446.917;474.998;503.162;6;7;11;129.225;15.3;21.2;25.407;31.7;39.4;431.336;472.211;516.959;565.947;573.288;581.386;;;;
Kosovo;XKX;Individuals using the Internet (% of population);IT.NET.USER.ZS;;;;;;;;;;;;;;;;;;;;;;;;;;;;;;;;;;;;;;;;;;;;;;;;;;;;;;;;;;838.936;89.443;;;;;;;;;
Yemen; Rep.;YEM;Individuals using the Internet (% of population);IT.NET.USER.ZS;;;;;;;;;;;;;;;;;;;;;;;;;;;;;;;0;;;;;;0.000621;0.015;0.0233;0.0566;0.0825004;0.0908025;0.518796;0.604734;0.881223;10.486;124.782;5.01;6.89;9.96;12.35;14.905;174.465;20;22.55;240.854;245.792;267.184;;;138.152;;;;;;
South Africa;ZAF;Individuals using the Internet (% of population);IT.NET.USER.ZS;;;;;;;;;;;;;;;;;;;;;;;;;;;;;;;0;0.0133;0.0389;0.114;0.247;0.677;0.842;1.63;2.91;4.12;534.856;634.662;671.032;700.769;842.512;748.854;760.714;806.538;8.43;10;24;33.97;41;46.5;49;519.191;54;561.674;62.4;696.969;721.128;749.686;754.556;756.592;;;;
Zambia;ZMB;Individuals using the Internet (% of population);IT.NET.USER.ZS;;;;;;;;;;;;;;;;;;;;;;;;;;;;;;;0;;;;0.00678;0.00878;0.00907;0.00933;0.0302;0.147;0.191072;0.23313;0.477751;0.980483;1.1;1.3;1.6;1.9;2.2;2.5;3;3.5;4.1;4.8;6.5;8.8;10.3;12.2;14.3;18.7;24.5;32.5;15;33;;;;
Zimbabwe;ZWE;Individuals using the Internet (% of population);IT.NET.USER.ZS;;;;;;;;;;;;;;;;;;;;;;;;;;;;;;;0;;;;0.00174;0.00768;0.0168;0.0331;0.0816;0.162;0.401434;0.799846;1.1;1.8;2.1;2.4;2.4;3;3.5;4;6.4;8.4;12;15.5;163.647;227.428;23.12;24.4;25;265.883;292.986;370.967;378.861;384.266;;;;
